{
	"name": "Akuoumaru",
	"description": "The beloved sword of the legendary \"Akuou.\" The blade is huge and majestic, but is surprisingly easy to wield.",
	"weapontype": "Claymore",
	"rarity": "4",
	"baseatk": 42,
	"substat": "ATK",
	"subvalue": "9",
	"effectname": "Watatsumi Wavewalker",
	"effect": "For every point of the entire party's combined maximum Energy capacity, the Elemental Burst DMG of the character equipping this weapon is increased by {0}. A maximum of {1} increased Elemental Burst DMG can be achieved this way.",
	"r1": [
		"0.12%",
		"40%"
	],
	"r2": [
		"0.15%",
		"50%"
	],
	"r3": [
		"0.18%",
		"60%"
	],
	"r4": [
		"0.21%",
		"70%"
	],
	"r5": [
		"0.24%",
		"80%"
	],
	"weaponmaterialtype": "",
	"costs": {
		"ascend1": [
			{
				"name": "Mora",
				"count": 5000
			},
			{
				"name": "Coral Branch of a Distant Sea",
				"count": 3
			},
			{
				"name": "Concealed Claw",
				"count": 3
			},
			{
				"name": "Old Handguard",
				"count": 2
			}
		],
		"ascend2": [
			{
				"name": "Mora",
				"count": 15000
			},
			{
				"name": "Jeweled Branch of a Distant Sea",
				"count": 3
			},
			{
				"name": "Concealed Claw",
				"count": 12
			},
			{
				"name": "Old Handguard",
				"count": 8
			}
		],
		"ascend3": [
			{
				"name": "Mora",
				"count": 20000
			},
			{
				"name": "Jeweled Branch of a Distant Sea",
				"count": 6
			},
			{
				"name": "Concealed Unguis",
				"count": 6
			},
			{
				"name": "Kageuchi Handguard",
				"count": 6
			}
		],
		"ascend4": [
			{
				"name": "Mora",
				"count": 30000
			},
			{
				"name": "Jade Branch of a Distant Sea",
				"count": 3
			},
			{
				"name": "Concealed Unguis",
				"count": 12
			},
			{
				"name": "Kageuchi Handguard",
				"count": 9
			}
		],
		"ascend5": [
			{
				"name": "Mora",
				"count": 35000
			},
			{
				"name": "Jade Branch of a Distant Sea",
				"count": 6
			},
			{
				"name": "Concealed Talon",
				"count": 9
			},
			{
				"name": "Famed Handguard",
				"count": 6
			}
		],
		"ascend6": [
			{
				"name": "Mora",
				"count": 45000
			},
			{
				"name": "Golden Branch of a Distant Sea",
				"count": 4
			},
			{
				"name": "Concealed Talon",
				"count": 18
			},
			{
				"name": "Famed Handguard",
				"count": 12
			}
		]
	}
}