{
	"name": "Alley Hunter",
	"description": "An intricate, opulent longbow. It once belonged to a gentleman thief who was never caught.",
	"weapontype": "Bow",
	"rarity": "4",
	"baseatk": 44,
	"substat": "ATK",
	"subvalue": "6",
	"effectname": "Oppidan Ambush",
	"effect": "While the character equipped with this weapon is in the party but not on the field, their DMG increases by {0} every second up to a max of {1}. When the character is on the field for more than 4s, the aforementioned DMG buff decreases by {2} per second until it reaches 0%.",
	"r1": [
		"2%",
		"20%",
		"4%"
	],
	"r2": [
		"2.5%",
		"25%",
		"5%"
	],
	"r3": [
		"3%",
		"30%",
		"6%"
	],
	"r4": [
		"3.5%",
		"35%",
		"7%"
	],
	"r5": [
		"4%",
		"40%",
		"8%"
	],
	"weaponmaterialtype": "",
	"costs": {
		"ascend1": [
			{
				"name": "Mora",
				"count": 5000
			},
			{
				"name": "Fetters of the Dandelion Gladiator",
				"count": 3
			},
			{
				"name": "Chaos Device",
				"count": 3
			},
			{
				"name": "Slime Condensate",
				"count": 2
			}
		],
		"ascend2": [
			{
				"name": "Mora",
				"count": 15000
			},
			{
				"name": "Chains of the Dandelion Gladiator",
				"count": 3
			},
			{
				"name": "Chaos Device",
				"count": 12
			},
			{
				"name": "Slime Condensate",
				"count": 8
			}
		],
		"ascend3": [
			{
				"name": "Mora",
				"count": 20000
			},
			{
				"name": "Chains of the Dandelion Gladiator",
				"count": 6
			},
			{
				"name": "Chaos Circuit",
				"count": 6
			},
			{
				"name": "Slime Secretions",
				"count": 6
			}
		],
		"ascend4": [
			{
				"name": "Mora",
				"count": 30000
			},
			{
				"name": "Shackles of the Dandelion Gladiator",
				"count": 3
			},
			{
				"name": "Chaos Circuit",
				"count": 12
			},
			{
				"name": "Slime Secretions",
				"count": 9
			}
		],
		"ascend5": [
			{
				"name": "Mora",
				"count": 35000
			},
			{
				"name": "Shackles of the Dandelion Gladiator",
				"count": 6
			},
			{
				"name": "Chaos Core",
				"count": 9
			},
			{
				"name": "Slime Concentrate",
				"count": 6
			}
		],
		"ascend6": [
			{
				"name": "Mora",
				"count": 45000
			},
			{
				"name": "Dream of the Dandelion Gladiator",
				"count": 4
			},
			{
				"name": "Chaos Core",
				"count": 18
			},
			{
				"name": "Slime Concentrate",
				"count": 12
			}
		]
	}
}