{
	"name": "Amenoma Kageuchi",
	"description": "A blade custom made for a famed samurai who could strike down a tengu warrior, known for their incredible agility, in midair.",
	"weapontype": "Sword",
	"rarity": "4",
	"baseatk": 41,
	"substat": "ATK",
	"subvalue": "12",
	"effectname": "Iwakura Succession",
	"effect": "After casting an Elemental Skill, gain 1 Succession Seed. This effect can be triggered once every 5s. The Succession Seed lasts for 30s. Up to 3 Succession Seeds may exist simultaneously. After using an Elemental Burst, all Succession Seeds are consumed and after 2s, the character regenerates {0} Energy for each seed consumed.",
	"r1": [
		"6"
	],
	"r2": [
		"7.5"
	],
	"r3": [
		"9"
	],
	"r4": [
		"10.5"
	],
	"r5": [
		"12"
	],
	"weaponmaterialtype": "",
	"costs": {
		"ascend1": [
			{
				"name": "Mora",
				"count": 5000
			},
			{
				"name": "Coral Branch of a Distant Sea",
				"count": 3
			},
			{
				"name": "Chaos Gear",
				"count": 3
			},
			{
				"name": "Old Handguard",
				"count": 2
			}
		],
		"ascend2": [
			{
				"name": "Mora",
				"count": 15000
			},
			{
				"name": "Jeweled Branch of a Distant Sea",
				"count": 3
			},
			{
				"name": "Chaos Gear",
				"count": 12
			},
			{
				"name": "Old Handguard",
				"count": 8
			}
		],
		"ascend3": [
			{
				"name": "Mora",
				"count": 20000
			},
			{
				"name": "Jeweled Branch of a Distant Sea",
				"count": 6
			},
			{
				"name": "Chaos Axis",
				"count": 6
			},
			{
				"name": "Kageuchi Handguard",
				"count": 6
			}
		],
		"ascend4": [
			{
				"name": "Mora",
				"count": 30000
			},
			{
				"name": "Jade Branch of a Distant Sea",
				"count": 3
			},
			{
				"name": "Chaos Axis",
				"count": 12
			},
			{
				"name": "Kageuchi Handguard",
				"count": 9
			}
		],
		"ascend5": [
			{
				"name": "Mora",
				"count": 35000
			},
			{
				"name": "Jade Branch of a Distant Sea",
				"count": 6
			},
			{
				"name": "Chaos Oculus",
				"count": 9
			},
			{
				"name": "Famed Handguard",
				"count": 6
			}
		],
		"ascend6": [
			{
				"name": "Mora",
				"count": 45000
			},
			{
				"name": "Golden Branch of a Distant Sea",
				"count": 4
			},
			{
				"name": "Chaos Oculus",
				"count": 18
			},
			{
				"name": "Famed Handguard",
				"count": 12
			}
		]
	}
}