{
	"name": "Amos' Bow",
	"description": "An extremely ancient bow that has retained its power despite its original master being long gone. It draws power from everyone and everything in the world, and the further away you are from that which your heart desires, the more powerful it is.",
	"weapontype": "Bow",
	"rarity": "5",
	"baseatk": 46,
	"substat": "ATK",
	"subvalue": "10.8",
	"effectname": "Strong-Willed",
	"effect": "Increases Normal and Charged Attack DMG by {0}. After a Normal or Charged Attack is fired, DMG dealt increases by a further {1} every 0.1s the arrow is in the air for up to 5 times.",
	"r1": [
		"12%",
		"8%"
	],
	"r2": [
		"15%",
		"10%"
	],
	"r3": [
		"18%",
		"12%"
	],
	"r4": [
		"21%",
		"14%"
	],
	"r5": [
		"24%",
		"16%"
	],
	"weaponmaterialtype": "Dandelion Gladiator",
	"costs": {
		"ascend1": [
			{
				"name": "Mora",
				"count": 10000
			},
			{
				"name": "Fetters of the Dandelion Gladiator",
				"count": 5
			},
			{
				"name": "Chaos Device",
				"count": 5
			},
			{
				"name": "Slime Condensate",
				"count": 3
			}
		],
		"ascend2": [
			{
				"name": "Mora",
				"count": 20000
			},
			{
				"name": "Chains of the Dandelion Gladiator",
				"count": 5
			},
			{
				"name": "Chaos Device",
				"count": 18
			},
			{
				"name": "Slime Condensate",
				"count": 12
			}
		],
		"ascend3": [
			{
				"name": "Mora",
				"count": 30000
			},
			{
				"name": "Chains of the Dandelion Gladiator",
				"count": 9
			},
			{
				"name": "Chaos Circuit",
				"count": 9
			},
			{
				"name": "Slime Secretions",
				"count": 9
			}
		],
		"ascend4": [
			{
				"name": "Mora",
				"count": 45000
			},
			{
				"name": "Shackles of the Dandelion Gladiator",
				"count": 5
			},
			{
				"name": "Chaos Circuit",
				"count": 18
			},
			{
				"name": "Slime Secretions",
				"count": 14
			}
		],
		"ascend5": [
			{
				"name": "Mora",
				"count": 55000
			},
			{
				"name": "Shackles of the Dandelion Gladiator",
				"count": 9
			},
			{
				"name": "Chaos Core",
				"count": 14
			},
			{
				"name": "Slime Concentrate",
				"count": 9
			}
		],
		"ascend6": [
			{
				"name": "Mora",
				"count": 65000
			},
			{
				"name": "Dream of the Dandelion Gladiator",
				"count": 6
			},
			{
				"name": "Chaos Core",
				"count": 27
			},
			{
				"name": "Slime Concentrate",
				"count": 18
			}
		]
	}
}