{
	"name": "Beginner's Protector",
	"description": "A polearm as straight as a flag pole. Well suited to most combat situations, it has an imposing presence when swung.",
	"weapontype": "Polearm",
	"rarity": "1",
	"baseatk": 23,
	"substat": "",
	"subvalue": "",
	"effectname": "",
	"effect": "",
	"r1": [],
	"r2": [],
	"r3": [],
	"r4": [],
	"r5": [],
	"weaponmaterialtype": "Dandelion Gladiator",
	"costs": {
		"ascend1": [
			{
				"name": "Mora"
			},
			{
				"name": "Fetters of the Dandelion Gladiator",
				"count": 1
			},
			{
				"name": "Chaos Device",
				"count": 1
			},
			{
				"name": "Divining Scroll",
				"count": 1
			}
		],
		"ascend2": [
			{
				"name": "Mora",
				"count": 5000
			},
			{
				"name": "Chains of the Dandelion Gladiator",
				"count": 1
			},
			{
				"name": "Chaos Device",
				"count": 4
			},
			{
				"name": "Divining Scroll",
				"count": 2
			}
		],
		"ascend3": [
			{
				"name": "Mora",
				"count": 5000
			},
			{
				"name": "Chains of the Dandelion Gladiator",
				"count": 2
			},
			{
				"name": "Chaos Circuit",
				"count": 2
			},
			{
				"name": "Sealed Scroll",
				"count": 2
			}
		],
		"ascend4": [
			{
				"name": "Mora",
				"count": 10000
			},
			{
				"name": "Shackles of the Dandelion Gladiator",
				"count": 1
			},
			{
				"name": "Chaos Circuit",
				"count": 4
			},
			{
				"name": "Sealed Scroll",
				"count": 3
			}
		]
	}
}