{
	"name": "Blackcliff Pole",
	"description": "A weapon made of blackcliff and aerosiderite. There is a dark crimson glow on its cold black sheen.",
	"weapontype": "Polearm",
	"rarity": "4",
	"baseatk": 42,
	"substat": "CRIT DMG",
	"subvalue": "12",
	"effectname": "Press the Advantage",
	"effect": "After defeating an enemy, ATK is increased by {0} for 30s. This effect has a maximum of 3 stacks, and the duration of each stack is independent of the others.",
	"r1": [
		"12%"
	],
	"r2": [
		"15%"
	],
	"r3": [
		"18%"
	],
	"r4": [
		"21%"
	],
	"r5": [
		"24%"
	],
	"weaponmaterialtype": "Mist Veiled Elixir",
	"costs": {
		"ascend1": [
			{
				"name": "Mora",
				"count": 5000
			},
			{
				"name": "Mist Veiled Lead Elixir",
				"count": 3
			},
			{
				"name": "Mist Grass Pollen",
				"count": 3
			},
			{
				"name": "Recruit's Insignia",
				"count": 2
			}
		],
		"ascend2": [
			{
				"name": "Mora",
				"count": 15000
			},
			{
				"name": "Mist Veiled Mercury Elixir",
				"count": 3
			},
			{
				"name": "Mist Grass Pollen",
				"count": 12
			},
			{
				"name": "Recruit's Insignia",
				"count": 8
			}
		],
		"ascend3": [
			{
				"name": "Mora",
				"count": 20000
			},
			{
				"name": "Mist Veiled Mercury Elixir",
				"count": 6
			},
			{
				"name": "Mist Grass",
				"count": 6
			},
			{
				"name": "Sergeant's Insignia",
				"count": 6
			}
		],
		"ascend4": [
			{
				"name": "Mora",
				"count": 30000
			},
			{
				"name": "Mist Veiled Gold Elixir",
				"count": 3
			},
			{
				"name": "Mist Grass",
				"count": 12
			},
			{
				"name": "Sergeant's Insignia",
				"count": 9
			}
		],
		"ascend5": [
			{
				"name": "Mora",
				"count": 35000
			},
			{
				"name": "Mist Veiled Gold Elixir",
				"count": 6
			},
			{
				"name": "Mist Grass Wick",
				"count": 9
			},
			{
				"name": "Lieutenant's Insignia",
				"count": 6
			}
		],
		"ascend6": [
			{
				"name": "Mora",
				"count": 45000
			},
			{
				"name": "Mist Veiled Primo Elixir",
				"count": 4
			},
			{
				"name": "Mist Grass Wick",
				"count": 18
			},
			{
				"name": "Lieutenant's Insignia",
				"count": 12
			}
		]
	}
}