{
	"name": "Black Tassel",
	"description": "An exceptionally powerful polearm that also offers a simple but elegant solution to the issue of the easily stained white tassel.",
	"weapontype": "Polearm",
	"rarity": "3",
	"baseatk": 38,
	"substat": "HP",
	"subvalue": "10.2",
	"effectname": "Bane of the Soft",
	"effect": "Increases DMG against slimes by {0}.",
	"r1": [
		"40%"
	],
	"r2": [
		"50%"
	],
	"r3": [
		"60%"
	],
	"r4": [
		"70%"
	],
	"r5": [
		"80%"
	],
	"weaponmaterialtype": "Aerosiderite",
	"costs": {
		"ascend1": [
			{
				"name": "Mora",
				"count": 5000
			},
			{
				"name": "Grain of Aerosiderite",
				"count": 2
			},
			{
				"name": "Fragile Bone Shard",
				"count": 2
			},
			{
				"name": "Firm Arrowhead",
				"count": 1
			}
		],
		"ascend2": [
			{
				"name": "Mora",
				"count": 10000
			},
			{
				"name": "Piece of Aerosiderite",
				"count": 2
			},
			{
				"name": "Fragile Bone Shard",
				"count": 8
			},
			{
				"name": "Firm Arrowhead",
				"count": 5
			}
		],
		"ascend3": [
			{
				"name": "Mora",
				"count": 15000
			},
			{
				"name": "Piece of Aerosiderite",
				"count": 4
			},
			{
				"name": "Sturdy Bone Shard",
				"count": 4
			},
			{
				"name": "Sharp Arrowhead",
				"count": 4
			}
		],
		"ascend4": [
			{
				"name": "Mora",
				"count": 20000
			},
			{
				"name": "Bit of Aerosiderite",
				"count": 2
			},
			{
				"name": "Sturdy Bone Shard",
				"count": 8
			},
			{
				"name": "Sharp Arrowhead",
				"count": 6
			}
		],
		"ascend5": [
			{
				"name": "Mora",
				"count": 25000
			},
			{
				"name": "Bit of Aerosiderite",
				"count": 4
			},
			{
				"name": "Fossilized Bone Shard",
				"count": 6
			},
			{
				"name": "Weathered Arrowhead",
				"count": 4
			}
		],
		"ascend6": [
			{
				"name": "Mora",
				"count": 30000
			},
			{
				"name": "Chunk of Aerosiderite",
				"count": 3
			},
			{
				"name": "Fossilized Bone Shard",
				"count": 12
			},
			{
				"name": "Weathered Arrowhead",
				"count": 8
			}
		]
	}
}