{
	"name": "Bloodtainted Greatsword",
	"description": "A steel sword that is said to have been coated with dragon blood, rendering it invulnerable to damage. This effect is not extended to its wielder, however.",
	"weapontype": "Claymore",
	"rarity": "3",
	"baseatk": 38,
	"substat": "Elemental Mastery",
	"subvalue": "41",
	"effectname": "Bane of Fire and Thunder",
	"effect": "Increases DMG against opponents affected by Pyro or Electro by {0}.",
	"r1": [
		"12%"
	],
	"r2": [
		"15%"
	],
	"r3": [
		"18%"
	],
	"r4": [
		"21%"
	],
	"r5": [
		"24%"
	],
	"weaponmaterialtype": "Boreal Wolf",
	"costs": {
		"ascend1": [
			{
				"name": "Mora",
				"count": 5000
			},
			{
				"name": "Boreal Wolf's Milk Tooth",
				"count": 2
			},
			{
				"name": "Dead Ley Line Branch",
				"count": 2
			},
			{
				"name": "Firm Arrowhead",
				"count": 1
			}
		],
		"ascend2": [
			{
				"name": "Mora",
				"count": 10000
			},
			{
				"name": "Boreal Wolf's Cracked Tooth",
				"count": 2
			},
			{
				"name": "Dead Ley Line Branch",
				"count": 8
			},
			{
				"name": "Firm Arrowhead",
				"count": 5
			}
		],
		"ascend3": [
			{
				"name": "Mora",
				"count": 15000
			},
			{
				"name": "Boreal Wolf's Cracked Tooth",
				"count": 4
			},
			{
				"name": "Dead Ley Line Leaves",
				"count": 4
			},
			{
				"name": "Sharp Arrowhead",
				"count": 4
			}
		],
		"ascend4": [
			{
				"name": "Mora",
				"count": 20000
			},
			{
				"name": "Boreal Wolf's Broken Fang",
				"count": 2
			},
			{
				"name": "Dead Ley Line Leaves",
				"count": 8
			},
			{
				"name": "Sharp Arrowhead",
				"count": 6
			}
		],
		"ascend5": [
			{
				"name": "Mora",
				"count": 25000
			},
			{
				"name": "Boreal Wolf's Broken Fang",
				"count": 4
			},
			{
				"name": "Ley Line Sprout",
				"count": 6
			},
			{
				"name": "Weathered Arrowhead",
				"count": 4
			}
		],
		"ascend6": [
			{
				"name": "Mora",
				"count": 30000
			},
			{
				"name": "Boreal Wolf's Nostalgia",
				"count": 3
			},
			{
				"name": "Ley Line Sprout",
				"count": 12
			},
			{
				"name": "Weathered Arrowhead",
				"count": 8
			}
		]
	}
}