{
	"name": "Calamity Queller",
	"description": "A keenly honed weapon forged from some strange crystal. Its faint blue light seems to whisper of countless matters now past.",
	"weapontype": "Polearm",
	"rarity": "5",
	"baseatk": 49,
	"substat": "ATK",
	"subvalue": "3.6",
	"effectname": "Extinguishing Precept",
	"effect": "Gain {0} All Elemental DMG Bonus. Obtain Consummation for 20s after using an Elemental Skill, causing ATK to increase by {1} per second. This ATK increase has a maximum of 6 stacks. When the character equipped with this weapon is not on the field, Consummation's ATK increase is doubled.",
	"r1": [
		"12%",
		"3.2%"
	],
	"r2": [
		"15%",
		"4%"
	],
	"r3": [
		"18%",
		"4.8%"
	],
	"r4": [
		"21%",
		"5.6%"
	],
	"r5": [
		"24%",
		"6.4%"
	],
	"weaponmaterialtype": "",
	"costs": {
		"ascend1": [
			{
				"name": "Mora",
				"count": 10000
			},
			{
				"name": "Mist Veiled Lead Elixir",
				"count": 5
			},
			{
				"name": "Mist Grass Pollen",
				"count": 5
			},
			{
				"name": "Whopperflower Nectar",
				"count": 3
			}
		],
		"ascend2": [
			{
				"name": "Mora",
				"count": 20000
			},
			{
				"name": "Mist Veiled Mercury Elixir",
				"count": 5
			},
			{
				"name": "Mist Grass Pollen",
				"count": 18
			},
			{
				"name": "Whopperflower Nectar",
				"count": 12
			}
		],
		"ascend3": [
			{
				"name": "Mora",
				"count": 30000
			},
			{
				"name": "Mist Veiled Mercury Elixir",
				"count": 9
			},
			{
				"name": "Mist Grass",
				"count": 9
			},
			{
				"name": "Shimmering Nectar",
				"count": 9
			}
		],
		"ascend4": [
			{
				"name": "Mora",
				"count": 45000
			},
			{
				"name": "Mist Veiled Gold Elixir",
				"count": 5
			},
			{
				"name": "Mist Grass",
				"count": 18
			},
			{
				"name": "Shimmering Nectar",
				"count": 14
			}
		],
		"ascend5": [
			{
				"name": "Mora",
				"count": 55000
			},
			{
				"name": "Mist Veiled Gold Elixir",
				"count": 9
			},
			{
				"name": "Mist Grass Wick",
				"count": 14
			},
			{
				"name": "Energy Nectar",
				"count": 9
			}
		],
		"ascend6": [
			{
				"name": "Mora",
				"count": 65000
			},
			{
				"name": "Mist Veiled Primo Elixir",
				"count": 6
			},
			{
				"name": "Mist Grass Wick",
				"count": 27
			},
			{
				"name": "Energy Nectar",
				"count": 18
			}
		]
	}
}