{
	"name": "Compound Bow",
	"description": "An exotic metallic bow from a distant land. Though extremely difficult to maintain, it is easy to nock and fires with tremendous force.",
	"weapontype": "Bow",
	"rarity": "4",
	"baseatk": 41,
	"substat": "Physical DMG Bonus",
	"subvalue": "15",
	"effectname": "Infusion Arrow",
	"effect": "Normal Attack and Charged Attack hits increase ATK by {0} and Normal ATK SPD by {1} for 6s. Max 4 stacks. Can only occur once every 0.3s.",
	"r1": [
		"4%",
		"1.2%"
	],
	"r2": [
		"5%",
		"1.5%"
	],
	"r3": [
		"6%",
		"1.8%"
	],
	"r4": [
		"7%",
		"2.1%"
	],
	"r5": [
		"8%",
		"2.4%"
	],
	"weaponmaterialtype": "Aerosiderite",
	"costs": {
		"ascend1": [
			{
				"name": "Mora",
				"count": 5000
			},
			{
				"name": "Grain of Aerosiderite",
				"count": 3
			},
			{
				"name": "Fragile Bone Shard",
				"count": 3
			},
			{
				"name": "Recruit's Insignia",
				"count": 2
			}
		],
		"ascend2": [
			{
				"name": "Mora",
				"count": 15000
			},
			{
				"name": "Piece of Aerosiderite",
				"count": 3
			},
			{
				"name": "Fragile Bone Shard",
				"count": 12
			},
			{
				"name": "Recruit's Insignia",
				"count": 8
			}
		],
		"ascend3": [
			{
				"name": "Mora",
				"count": 20000
			},
			{
				"name": "Piece of Aerosiderite",
				"count": 6
			},
			{
				"name": "Sturdy Bone Shard",
				"count": 6
			},
			{
				"name": "Sergeant's Insignia",
				"count": 6
			}
		],
		"ascend4": [
			{
				"name": "Mora",
				"count": 30000
			},
			{
				"name": "Bit of Aerosiderite",
				"count": 3
			},
			{
				"name": "Sturdy Bone Shard",
				"count": 12
			},
			{
				"name": "Sergeant's Insignia",
				"count": 9
			}
		],
		"ascend5": [
			{
				"name": "Mora",
				"count": 35000
			},
			{
				"name": "Bit of Aerosiderite",
				"count": 6
			},
			{
				"name": "Fossilized Bone Shard",
				"count": 9
			},
			{
				"name": "Lieutenant's Insignia",
				"count": 6
			}
		],
		"ascend6": [
			{
				"name": "Mora",
				"count": 45000
			},
			{
				"name": "Chunk of Aerosiderite",
				"count": 4
			},
			{
				"name": "Fossilized Bone Shard",
				"count": 18
			},
			{
				"name": "Lieutenant's Insignia",
				"count": 12
			}
		]
	}
}