{
	"name": "Crescent Pike",
	"description": "An exotic weapon with an extremely long blade on the top and a crescent blade at the bottom. It found its way into Liyue through foreign traders. With practice, it can deal heavy damage.",
	"weapontype": "Polearm",
	"rarity": "4",
	"baseatk": 44,
	"substat": "Physical DMG Bonus",
	"subvalue": "7.5",
	"effectname": "Infusion Needle",
	"effect": "After picking up an Elemental Orb/Particle, Normal and Charged Attacks deal additional DMG equal to {0} of ATK for 5s.",
	"r1": [
		"20%"
	],
	"r2": [
		"25%"
	],
	"r3": [
		"30%"
	],
	"r4": [
		"35%"
	],
	"r5": [
		"40%"
	],
	"weaponmaterialtype": "Guyun",
	"costs": {
		"ascend1": [
			{
				"name": "Mora",
				"count": 5000
			},
			{
				"name": "Luminous Sands from Guyun",
				"count": 3
			},
			{
				"name": "Hunter's Sacrificial Knife",
				"count": 3
			},
			{
				"name": "Treasure Hoarder Insignia",
				"count": 2
			}
		],
		"ascend2": [
			{
				"name": "Mora",
				"count": 15000
			},
			{
				"name": "Lustrous Stone from Guyun",
				"count": 3
			},
			{
				"name": "Hunter's Sacrificial Knife",
				"count": 12
			},
			{
				"name": "Treasure Hoarder Insignia",
				"count": 8
			}
		],
		"ascend3": [
			{
				"name": "Mora",
				"count": 20000
			},
			{
				"name": "Lustrous Stone from Guyun",
				"count": 6
			},
			{
				"name": "Agent's Sacrificial Knife",
				"count": 6
			},
			{
				"name": "Silver Raven Insignia",
				"count": 6
			}
		],
		"ascend4": [
			{
				"name": "Mora",
				"count": 30000
			},
			{
				"name": "Relic from Guyun",
				"count": 3
			},
			{
				"name": "Agent's Sacrificial Knife",
				"count": 12
			},
			{
				"name": "Silver Raven Insignia",
				"count": 9
			}
		],
		"ascend5": [
			{
				"name": "Mora",
				"count": 35000
			},
			{
				"name": "Relic from Guyun",
				"count": 6
			},
			{
				"name": "Inspector's Sacrificial Knife",
				"count": 9
			},
			{
				"name": "Golden Raven Insignia",
				"count": 6
			}
		],
		"ascend6": [
			{
				"name": "Mora",
				"count": 45000
			},
			{
				"name": "Divine Body from Guyun",
				"count": 4
			},
			{
				"name": "Inspector's Sacrificial Knife",
				"count": 18
			},
			{
				"name": "Golden Raven Insignia",
				"count": 12
			}
		]
	}
}