{
	"name": "Dark Iron Sword",
	"description": "A perfectly ordinary iron sword, just slightly darker than most.",
	"weapontype": "Sword",
	"rarity": "3",
	"baseatk": 39,
	"substat": "Elemental Mastery",
	"subvalue": "31",
	"effectname": "Overloaded",
	"effect": "Upon causing an Overloaded, Superconduct, Electro-Charged, or an Electro-infused Swirl reaction, ATK is increased by {0} for 12s.",
	"r1": [
		"20%"
	],
	"r2": [
		"25%"
	],
	"r3": [
		"30%"
	],
	"r4": [
		"35%"
	],
	"r5": [
		"40%"
	],
	"weaponmaterialtype": "Guyun",
	"costs": {
		"ascend1": [
			{
				"name": "Mora",
				"count": 5000
			},
			{
				"name": "Luminous Sands from Guyun",
				"count": 2
			},
			{
				"name": "Hunter's Sacrificial Knife",
				"count": 2
			},
			{
				"name": "Damaged Mask",
				"count": 1
			}
		],
		"ascend2": [
			{
				"name": "Mora",
				"count": 10000
			},
			{
				"name": "Lustrous Stone from Guyun",
				"count": 2
			},
			{
				"name": "Hunter's Sacrificial Knife",
				"count": 8
			},
			{
				"name": "Damaged Mask",
				"count": 5
			}
		],
		"ascend3": [
			{
				"name": "Mora",
				"count": 15000
			},
			{
				"name": "Lustrous Stone from Guyun",
				"count": 4
			},
			{
				"name": "Agent's Sacrificial Knife",
				"count": 4
			},
			{
				"name": "Stained Mask",
				"count": 4
			}
		],
		"ascend4": [
			{
				"name": "Mora",
				"count": 20000
			},
			{
				"name": "Relic from Guyun",
				"count": 2
			},
			{
				"name": "Agent's Sacrificial Knife",
				"count": 8
			},
			{
				"name": "Stained Mask",
				"count": 6
			}
		],
		"ascend5": [
			{
				"name": "Mora",
				"count": 25000
			},
			{
				"name": "Relic from Guyun",
				"count": 4
			},
			{
				"name": "Inspector's Sacrificial Knife",
				"count": 6
			},
			{
				"name": "Ominous Mask",
				"count": 4
			}
		],
		"ascend6": [
			{
				"name": "Mora",
				"count": 30000
			},
			{
				"name": "Divine Body from Guyun",
				"count": 3
			},
			{
				"name": "Inspector's Sacrificial Knife",
				"count": 12
			},
			{
				"name": "Ominous Mask",
				"count": 8
			}
		]
	}
}