{
	"name": "Deathmatch",
	"description": "A sharp crimson polearm that was once a gladiator's priceless treasure. Its awl has been stained by the blood of countless beasts and men.",
	"weapontype": "Polearm",
	"rarity": "4",
	"baseatk": 41,
	"substat": "CRIT Rate",
	"subvalue": "8",
	"effectname": "Gladiator",
	"effect": "If there are at least 2 opponents nearby, ATK is increased by {0} and DEF is increased by {1}. If there are fewer than 2 opponents nearby, ATK is increased by {2}.",
	"r1": [
		"16%",
		"16%",
		"24%"
	],
	"r2": [
		"20%",
		"20%",
		"30%"
	],
	"r3": [
		"24%",
		"24%",
		"36%"
	],
	"r4": [
		"28%",
		"28%",
		"42%"
	],
	"r5": [
		"32%",
		"32%",
		"48%"
	],
	"weaponmaterialtype": "Boreal Wolf",
	"costs": {
		"ascend1": [
			{
				"name": "Mora",
				"count": 5000
			},
			{
				"name": "Boreal Wolf's Milk Tooth",
				"count": 3
			},
			{
				"name": "Dead Ley Line Branch",
				"count": 3
			},
			{
				"name": "Whopperflower Nectar",
				"count": 2
			}
		],
		"ascend2": [
			{
				"name": "Mora",
				"count": 15000
			},
			{
				"name": "Boreal Wolf's Cracked Tooth",
				"count": 3
			},
			{
				"name": "Dead Ley Line Branch",
				"count": 12
			},
			{
				"name": "Whopperflower Nectar",
				"count": 8
			}
		],
		"ascend3": [
			{
				"name": "Mora",
				"count": 20000
			},
			{
				"name": "Boreal Wolf's Cracked Tooth",
				"count": 6
			},
			{
				"name": "Dead Ley Line Leaves",
				"count": 6
			},
			{
				"name": "Shimmering Nectar",
				"count": 6
			}
		],
		"ascend4": [
			{
				"name": "Mora",
				"count": 30000
			},
			{
				"name": "Boreal Wolf's Broken Fang",
				"count": 3
			},
			{
				"name": "Dead Ley Line Leaves",
				"count": 12
			},
			{
				"name": "Shimmering Nectar",
				"count": 9
			}
		],
		"ascend5": [
			{
				"name": "Mora",
				"count": 35000
			},
			{
				"name": "Boreal Wolf's Broken Fang",
				"count": 6
			},
			{
				"name": "Ley Line Sprout",
				"count": 9
			},
			{
				"name": "Energy Nectar",
				"count": 6
			}
		],
		"ascend6": [
			{
				"name": "Mora",
				"count": 45000
			},
			{
				"name": "Boreal Wolf's Nostalgia",
				"count": 4
			},
			{
				"name": "Ley Line Sprout",
				"count": 18
			},
			{
				"name": "Energy Nectar",
				"count": 12
			}
		]
	}
}