{
	"name": "Dodoco Tales",
	"description": "A children's book filled with childish short stories at which one cannot help but laugh.\nEven those readers who have long reached adulthood cannot help but be absorbed by the innocent, naive little adventures portrayed within.",
	"weapontype": "Catalyst",
	"rarity": "4",
	"baseatk": 41,
	"substat": "ATK",
	"subvalue": "12",
	"effectname": "Dodoventure!",
	"effect": "Normal Attack hits on opponents increase Charged Attack DMG by {0} for 6s. Charged Attack hits on opponents increase ATK by {1} for 6s.",
	"r1": [
		"16%",
		"8%"
	],
	"r2": [
		"20%",
		"10%"
	],
	"r3": [
		"24%",
		"12%"
	],
	"r4": [
		"28%",
		"14%"
	],
	"r5": [
		"32%",
		"16%"
	],
	"weaponmaterialtype": "",
	"costs": {
		"ascend1": [
			{
				"name": "Mora",
				"count": 5000
			},
			{
				"name": "Boreal Wolf's Milk Tooth",
				"count": 3
			},
			{
				"name": "Dead Ley Line Branch",
				"count": 3
			},
			{
				"name": "Damaged Mask",
				"count": 2
			}
		],
		"ascend2": [
			{
				"name": "Mora",
				"count": 15000
			},
			{
				"name": "Boreal Wolf's Cracked Tooth",
				"count": 3
			},
			{
				"name": "Dead Ley Line Branch",
				"count": 12
			},
			{
				"name": "Damaged Mask",
				"count": 8
			}
		],
		"ascend3": [
			{
				"name": "Mora",
				"count": 20000
			},
			{
				"name": "Boreal Wolf's Cracked Tooth",
				"count": 6
			},
			{
				"name": "Dead Ley Line Leaves",
				"count": 6
			},
			{
				"name": "Stained Mask",
				"count": 6
			}
		],
		"ascend4": [
			{
				"name": "Mora",
				"count": 30000
			},
			{
				"name": "Boreal Wolf's Broken Fang",
				"count": 3
			},
			{
				"name": "Dead Ley Line Leaves",
				"count": 12
			},
			{
				"name": "Stained Mask",
				"count": 9
			}
		],
		"ascend5": [
			{
				"name": "Mora",
				"count": 35000
			},
			{
				"name": "Boreal Wolf's Broken Fang",
				"count": 6
			},
			{
				"name": "Ley Line Sprout",
				"count": 9
			},
			{
				"name": "Ominous Mask",
				"count": 6
			}
		],
		"ascend6": [
			{
				"name": "Mora",
				"count": 45000
			},
			{
				"name": "Boreal Wolf's Nostalgia",
				"count": 4
			},
			{
				"name": "Ley Line Sprout",
				"count": 18
			},
			{
				"name": "Ominous Mask",
				"count": 12
			}
		]
	}
}