{
	"name": "Dragon's Bane",
	"description": "A polearm decorated with an entwining golden dragon. Light and sharp, this weapon may very well kill dragons with ease.",
	"weapontype": "Polearm",
	"rarity": "4",
	"baseatk": 41,
	"substat": "Elemental Mastery",
	"subvalue": "48",
	"effectname": "Bane of Flame and Water",
	"effect": "Increases DMG against opponents affected by Hydro or Pyro by {0}.",
	"r1": [
		"20%"
	],
	"r2": [
		"24%"
	],
	"r3": [
		"28%"
	],
	"r4": [
		"32%"
	],
	"r5": [
		"36%"
	],
	"weaponmaterialtype": "Mist Veiled Elixir",
	"costs": {
		"ascend1": [
			{
				"name": "Mora",
				"count": 5000
			},
			{
				"name": "Mist Veiled Lead Elixir",
				"count": 3
			},
			{
				"name": "Mist Grass Pollen",
				"count": 3
			},
			{
				"name": "Divining Scroll",
				"count": 2
			}
		],
		"ascend2": [
			{
				"name": "Mora",
				"count": 15000
			},
			{
				"name": "Mist Veiled Mercury Elixir",
				"count": 3
			},
			{
				"name": "Mist Grass Pollen",
				"count": 12
			},
			{
				"name": "Divining Scroll",
				"count": 8
			}
		],
		"ascend3": [
			{
				"name": "Mora",
				"count": 20000
			},
			{
				"name": "Mist Veiled Mercury Elixir",
				"count": 6
			},
			{
				"name": "Mist Grass",
				"count": 6
			},
			{
				"name": "Sealed Scroll",
				"count": 6
			}
		],
		"ascend4": [
			{
				"name": "Mora",
				"count": 30000
			},
			{
				"name": "Mist Veiled Gold Elixir",
				"count": 3
			},
			{
				"name": "Mist Grass",
				"count": 12
			},
			{
				"name": "Sealed Scroll",
				"count": 9
			}
		],
		"ascend5": [
			{
				"name": "Mora",
				"count": 35000
			},
			{
				"name": "Mist Veiled Gold Elixir",
				"count": 6
			},
			{
				"name": "Mist Grass Wick",
				"count": 9
			},
			{
				"name": "Forbidden Curse Scroll",
				"count": 6
			}
		],
		"ascend6": [
			{
				"name": "Mora",
				"count": 45000
			},
			{
				"name": "Mist Veiled Primo Elixir",
				"count": 4
			},
			{
				"name": "Mist Grass Wick",
				"count": 18
			},
			{
				"name": "Forbidden Curse Scroll",
				"count": 12
			}
		]
	}
}