{
	"name": "Dragonspine Spear",
	"description": "A spear created from the fang of a dragon. It is oddly warm to the touch.",
	"weapontype": "Polearm",
	"rarity": "4",
	"baseatk": 41,
	"substat": "Physical DMG Bonus",
	"subvalue": "15",
	"effectname": "Frost Burial",
	"effect": "Hitting an opponent with Normal and Charged Attacks has a {0} chance of forming and dropping an Everfrost Icicle above them, dealing AoE DMG equal to {1} of ATK. Opponents affected by Cryo are instead dealt DMG equal to {2} of ATK. Can only occur once every 10s.",
	"r1": [
		"60%",
		"80%",
		"200%"
	],
	"r2": [
		"70%",
		"95%",
		"240%"
	],
	"r3": [
		"80%",
		"110%",
		"280%"
	],
	"r4": [
		"90%",
		"125%",
		"320%"
	],
	"r5": [
		"100%",
		"140%",
		"360%"
	],
	"weaponmaterialtype": "Boreal Wolf",
	"costs": {
		"ascend1": [
			{
				"name": "Mora",
				"count": 5000
			},
			{
				"name": "Boreal Wolf's Milk Tooth",
				"count": 3
			},
			{
				"name": "Mist Grass Pollen",
				"count": 3
			},
			{
				"name": "Recruit's Insignia",
				"count": 2
			}
		],
		"ascend2": [
			{
				"name": "Mora",
				"count": 15000
			},
			{
				"name": "Boreal Wolf's Cracked Tooth",
				"count": 3
			},
			{
				"name": "Mist Grass Pollen",
				"count": 12
			},
			{
				"name": "Recruit's Insignia",
				"count": 8
			}
		],
		"ascend3": [
			{
				"name": "Mora",
				"count": 20000
			},
			{
				"name": "Boreal Wolf's Cracked Tooth",
				"count": 6
			},
			{
				"name": "Mist Grass",
				"count": 6
			},
			{
				"name": "Sergeant's Insignia",
				"count": 6
			}
		],
		"ascend4": [
			{
				"name": "Mora",
				"count": 30000
			},
			{
				"name": "Boreal Wolf's Broken Fang",
				"count": 3
			},
			{
				"name": "Mist Grass",
				"count": 12
			},
			{
				"name": "Sergeant's Insignia",
				"count": 9
			}
		],
		"ascend5": [
			{
				"name": "Mora",
				"count": 35000
			},
			{
				"name": "Boreal Wolf's Broken Fang",
				"count": 6
			},
			{
				"name": "Mist Grass Wick",
				"count": 9
			},
			{
				"name": "Lieutenant's Insignia",
				"count": 6
			}
		],
		"ascend6": [
			{
				"name": "Mora",
				"count": 45000
			},
			{
				"name": "Boreal Wolf's Nostalgia",
				"count": 4
			},
			{
				"name": "Mist Grass Wick",
				"count": 18
			},
			{
				"name": "Lieutenant's Insignia",
				"count": 12
			}
		]
	}
}