{
	"name": "Dull Blade",
	"description": "Youthful dreams and the thrill of adventure. If this isn't enough, then make it up with valiance.",
	"weapontype": "Sword",
	"rarity": "1",
	"baseatk": 23,
	"substat": "",
	"subvalue": "",
	"effectname": "",
	"effect": "",
	"r1": [],
	"r2": [],
	"r3": [],
	"r4": [],
	"r5": [],
	"weaponmaterialtype": "Decarabian",
	"costs": {
		"ascend1": [
			{
				"name": "Mora"
			},
			{
				"name": "Tile of Decarabian's Tower",
				"count": 1
			},
			{
				"name": "Heavy Horn",
				"count": 1
			},
			{
				"name": "Firm Arrowhead",
				"count": 1
			}
		],
		"ascend2": [
			{
				"name": "Mora",
				"count": 5000
			},
			{
				"name": "Debris of Decarabian's City",
				"count": 1
			},
			{
				"name": "Heavy Horn",
				"count": 4
			},
			{
				"name": "Firm Arrowhead",
				"count": 2
			}
		],
		"ascend3": [
			{
				"name": "Mora",
				"count": 5000
			},
			{
				"name": "Debris of Decarabian's City",
				"count": 2
			},
			{
				"name": "Black Bronze Horn",
				"count": 2
			},
			{
				"name": "Sharp Arrowhead",
				"count": 2
			}
		],
		"ascend4": [
			{
				"name": "Mora",
				"count": 10000
			},
			{
				"name": "Fragment of Decarabian's Epic",
				"count": 1
			},
			{
				"name": "Black Bronze Horn",
				"count": 4
			},
			{
				"name": "Sharp Arrowhead",
				"count": 3
			}
		]
	}
}