{
	"name": "Elegy for the End",
	"description": "A bow as lovely as any bard's lyre, its arrows pierce the heart like a lamenting sigh.",
	"weapontype": "Bow",
	"rarity": "5",
	"baseatk": 46,
	"substat": "Energy Recharge",
	"subvalue": "12",
	"effectname": "The Parting Refrain",
	"effect": "A part of the \"Millennial Movement\" that wanders amidst the winds. Increases Elemental Mastery by {0}. When the Elemental Skills or Elemental Bursts of the character wielding this weapon hit opponents, that character gains a Sigil of Remembrance. This effect can be triggered once every 0.2s and can be triggered even if said character is not on the field. When you possess 4 Sigils of Remembrance, all of them will be consumed and all nearby party members will obtain the \"Millennial Movement: Farewell Song\" effect for 12s. \"Millennial Movement: Farewell Song\" increases Elemental Mastery by {1} and increases ATK by {2}. Once this effect is triggered, you will not gain Sigils of Remembrance for 20s. Of the many effects of the \"Millennial Movement,\" buffs of the same type will not stack.",
	"r1": [
		"60",
		"100",
		"20%"
	],
	"r2": [
		"75",
		"125",
		"25%"
	],
	"r3": [
		"90",
		"150",
		"30%"
	],
	"r4": [
		"105",
		"175",
		"35%"
	],
	"r5": [
		"120",
		"200",
		"40%"
	],
	"weaponmaterialtype": "",
	"costs": {
		"ascend1": [
			{
				"name": "Mora",
				"count": 10000
			},
			{
				"name": "Boreal Wolf's Milk Tooth",
				"count": 5
			},
			{
				"name": "Heavy Horn",
				"count": 5
			},
			{
				"name": "Recruit's Insignia",
				"count": 3
			}
		],
		"ascend2": [
			{
				"name": "Mora",
				"count": 20000
			},
			{
				"name": "Boreal Wolf's Cracked Tooth",
				"count": 5
			},
			{
				"name": "Heavy Horn",
				"count": 18
			},
			{
				"name": "Recruit's Insignia",
				"count": 12
			}
		],
		"ascend3": [
			{
				"name": "Mora",
				"count": 30000
			},
			{
				"name": "Boreal Wolf's Cracked Tooth",
				"count": 9
			},
			{
				"name": "Black Bronze Horn",
				"count": 9
			},
			{
				"name": "Sergeant's Insignia",
				"count": 9
			}
		],
		"ascend4": [
			{
				"name": "Mora",
				"count": 45000
			},
			{
				"name": "Boreal Wolf's Broken Fang",
				"count": 5
			},
			{
				"name": "Black Bronze Horn",
				"count": 18
			},
			{
				"name": "Sergeant's Insignia",
				"count": 14
			}
		],
		"ascend5": [
			{
				"name": "Mora",
				"count": 55000
			},
			{
				"name": "Boreal Wolf's Broken Fang",
				"count": 9
			},
			{
				"name": "Black Crystal Horn",
				"count": 14
			},
			{
				"name": "Lieutenant's Insignia",
				"count": 9
			}
		],
		"ascend6": [
			{
				"name": "Mora",
				"count": 65000
			},
			{
				"name": "Boreal Wolf's Nostalgia",
				"count": 6
			},
			{
				"name": "Black Crystal Horn",
				"count": 27
			},
			{
				"name": "Lieutenant's Insignia",
				"count": 18
			}
		]
	}
}