{
	"name": "Emerald Orb",
	"description": "A catalyst carved out of the hard jade from Jueyun Karst north of Liyue. Small, light, and durable, it is known more colloquially as the \"jade ball.\"",
	"weapontype": "Catalyst",
	"rarity": "3",
	"baseatk": 40,
	"substat": "Elemental Mastery",
	"subvalue": "20",
	"effectname": "Rapids",
	"effect": "Upon causing a Vaporize, Electro-Charged, Frozen, or a Hydro-infused Swirl reaction, increases ATK by {0} for 12s.",
	"r1": [
		"20%"
	],
	"r2": [
		"25%"
	],
	"r3": [
		"30%"
	],
	"r4": [
		"35%"
	],
	"r5": [
		"40%"
	],
	"weaponmaterialtype": "Guyun",
	"costs": {
		"ascend1": [
			{
				"name": "Mora",
				"count": 5000
			},
			{
				"name": "Luminous Sands from Guyun",
				"count": 2
			},
			{
				"name": "Hunter's Sacrificial Knife",
				"count": 2
			},
			{
				"name": "Treasure Hoarder Insignia",
				"count": 1
			}
		],
		"ascend2": [
			{
				"name": "Mora",
				"count": 10000
			},
			{
				"name": "Lustrous Stone from Guyun",
				"count": 2
			},
			{
				"name": "Hunter's Sacrificial Knife",
				"count": 8
			},
			{
				"name": "Treasure Hoarder Insignia",
				"count": 5
			}
		],
		"ascend3": [
			{
				"name": "Mora",
				"count": 15000
			},
			{
				"name": "Lustrous Stone from Guyun",
				"count": 4
			},
			{
				"name": "Agent's Sacrificial Knife",
				"count": 4
			},
			{
				"name": "Silver Raven Insignia",
				"count": 4
			}
		],
		"ascend4": [
			{
				"name": "Mora",
				"count": 20000
			},
			{
				"name": "Relic from Guyun",
				"count": 2
			},
			{
				"name": "Agent's Sacrificial Knife",
				"count": 8
			},
			{
				"name": "Silver Raven Insignia",
				"count": 6
			}
		],
		"ascend5": [
			{
				"name": "Mora",
				"count": 25000
			},
			{
				"name": "Relic from Guyun",
				"count": 4
			},
			{
				"name": "Inspector's Sacrificial Knife",
				"count": 6
			},
			{
				"name": "Golden Raven Insignia",
				"count": 4
			}
		],
		"ascend6": [
			{
				"name": "Mora",
				"count": 30000
			},
			{
				"name": "Divine Body from Guyun",
				"count": 3
			},
			{
				"name": "Inspector's Sacrificial Knife",
				"count": 12
			},
			{
				"name": "Golden Raven Insignia",
				"count": 8
			}
		]
	}
}