{
	"name": "Engulfing Lightning",
	"description": "A naginata used to \"cut grass.\" Any army that stands before this weapon will probably be likewise cut down...",
	"weapontype": "Polearm",
	"rarity": "5",
	"baseatk": 46,
	"substat": "Energy Recharge",
	"subvalue": "12",
	"effectname": "Timeless Dream: Eternal Stove",
	"effect": "ATK increased by {0} of Energy Recharge over the base 100%. You can gain a maximum bonus of {1} ATK. Gain {2} Energy Recharge for 12s after using an Elemental Burst.",
	"r1": [
		"28%",
		"80%",
		"30%"
	],
	"r2": [
		"35%",
		"90%",
		"35%"
	],
	"r3": [
		"42%",
		"100%",
		"40%"
	],
	"r4": [
		"49%",
		"110%",
		"45%"
	],
	"r5": [
		"56%",
		"120%",
		"50%"
	],
	"weaponmaterialtype": "",
	"costs": {
		"ascend1": [
			{
				"name": "Mora",
				"count": 10000
			},
			{
				"name": "Mask of the Wicked Lieutenant",
				"count": 5
			},
			{
				"name": "Chaos Gear",
				"count": 5
			},
			{
				"name": "Old Handguard",
				"count": 3
			}
		],
		"ascend2": [
			{
				"name": "Mora",
				"count": 20000
			},
			{
				"name": "Mask of the Tiger's Bite",
				"count": 5
			},
			{
				"name": "Chaos Gear",
				"count": 18
			},
			{
				"name": "Old Handguard",
				"count": 12
			}
		],
		"ascend3": [
			{
				"name": "Mora",
				"count": 30000
			},
			{
				"name": "Mask of the Tiger's Bite",
				"count": 9
			},
			{
				"name": "Chaos Axis",
				"count": 9
			},
			{
				"name": "Kageuchi Handguard",
				"count": 9
			}
		],
		"ascend4": [
			{
				"name": "Mora",
				"count": 45000
			},
			{
				"name": "Mask of the One-Horned",
				"count": 5
			},
			{
				"name": "Chaos Axis",
				"count": 18
			},
			{
				"name": "Kageuchi Handguard",
				"count": 14
			}
		],
		"ascend5": [
			{
				"name": "Mora",
				"count": 55000
			},
			{
				"name": "Mask of the One-Horned",
				"count": 9
			},
			{
				"name": "Chaos Oculus",
				"count": 14
			},
			{
				"name": "Famed Handguard",
				"count": 9
			}
		],
		"ascend6": [
			{
				"name": "Mora",
				"count": 65000
			},
			{
				"name": "Mask of the Kijin",
				"count": 6
			},
			{
				"name": "Chaos Oculus",
				"count": 27
			},
			{
				"name": "Famed Handguard",
				"count": 18
			}
		]
	}
}