{
	"name": "Everlasting Moonglow",
	"description": "A string of lovely jasper from the deep sea. It shines with a pure radiance like that of the moon, and just as ever-distant.",
	"weapontype": "Catalyst",
	"rarity": "5",
	"baseatk": 46,
	"substat": "HP",
	"subvalue": "10.8",
	"effectname": "Byakuya Kougetsu",
	"effect": "Healing Bonus increased by {0}, Normal Attack DMG is increased by {1} of the Max HP of the character equipping this weapon. For 12s after using an Elemental Burst, Normal Attacks that hit opponents will restore 0.6 Energy. Energy can be restored this way once every 0.1s.",
	"r1": [
		"10%",
		"1%"
	],
	"r2": [
		"12.5%",
		"1.5%"
	],
	"r3": [
		"15%",
		"2%"
	],
	"r4": [
		"17.5%",
		"2.5%"
	],
	"r5": [
		"20%",
		"3%"
	],
	"weaponmaterialtype": "",
	"costs": {
		"ascend1": [
			{
				"name": "Mora",
				"count": 10000
			},
			{
				"name": "Coral Branch of a Distant Sea",
				"count": 5
			},
			{
				"name": "Dismal Prism",
				"count": 5
			},
			{
				"name": "Spectral Husk",
				"count": 3
			}
		],
		"ascend2": [
			{
				"name": "Mora",
				"count": 20000
			},
			{
				"name": "Jeweled Branch of a Distant Sea",
				"count": 5
			},
			{
				"name": "Dismal Prism",
				"count": 18
			},
			{
				"name": "Spectral Husk",
				"count": 12
			}
		],
		"ascend3": [
			{
				"name": "Mora",
				"count": 30000
			},
			{
				"name": "Jeweled Branch of a Distant Sea",
				"count": 9
			},
			{
				"name": "Crystal Prism",
				"count": 9
			},
			{
				"name": "Spectral Heart",
				"count": 9
			}
		],
		"ascend4": [
			{
				"name": "Mora",
				"count": 45000
			},
			{
				"name": "Jade Branch of a Distant Sea",
				"count": 5
			},
			{
				"name": "Crystal Prism",
				"count": 18
			},
			{
				"name": "Spectral Heart",
				"count": 14
			}
		],
		"ascend5": [
			{
				"name": "Mora",
				"count": 55000
			},
			{
				"name": "Jade Branch of a Distant Sea",
				"count": 9
			},
			{
				"name": "Polarizing Prism",
				"count": 14
			},
			{
				"name": "Spectral Nucleus",
				"count": 9
			}
		],
		"ascend6": [
			{
				"name": "Mora",
				"count": 65000
			},
			{
				"name": "Golden Branch of a Distant Sea",
				"count": 6
			},
			{
				"name": "Polarizing Prism",
				"count": 27
			},
			{
				"name": "Spectral Nucleus",
				"count": 18
			}
		]
	}
}