{
	"name": "Favonius Sword",
	"description": "A standard-issue longsword of the Knights of Favonius. When you're armed with this agile and sharp weapon, channeling the power of the elements has never been so easy!",
	"weapontype": "Sword",
	"rarity": "4",
	"baseatk": 41,
	"substat": "Energy Recharge",
	"subvalue": "13.3",
	"effectname": "Windfall",
	"effect": "CRIT Hits have a {0} chance to generate a small amount of Elemental Particles, which will regenerate 6 Energy for the character. Can only occur once every {1}.",
	"r1": [
		"60%",
		"12s"
	],
	"r2": [
		"70%",
		"10.5s"
	],
	"r3": [
		"80%",
		"9s"
	],
	"r4": [
		"90%",
		"7.5s"
	],
	"r5": [
		"100%",
		"6s"
	],
	"weaponmaterialtype": "Decarabian",
	"costs": {
		"ascend1": [
			{
				"name": "Mora",
				"count": 5000
			},
			{
				"name": "Tile of Decarabian's Tower",
				"count": 3
			},
			{
				"name": "Heavy Horn",
				"count": 3
			},
			{
				"name": "Firm Arrowhead",
				"count": 2
			}
		],
		"ascend2": [
			{
				"name": "Mora",
				"count": 15000
			},
			{
				"name": "Debris of Decarabian's City",
				"count": 3
			},
			{
				"name": "Heavy Horn",
				"count": 12
			},
			{
				"name": "Firm Arrowhead",
				"count": 8
			}
		],
		"ascend3": [
			{
				"name": "Mora",
				"count": 20000
			},
			{
				"name": "Debris of Decarabian's City",
				"count": 6
			},
			{
				"name": "Black Bronze Horn",
				"count": 6
			},
			{
				"name": "Sharp Arrowhead",
				"count": 6
			}
		],
		"ascend4": [
			{
				"name": "Mora",
				"count": 30000
			},
			{
				"name": "Fragment of Decarabian's Epic",
				"count": 3
			},
			{
				"name": "Black Bronze Horn",
				"count": 12
			},
			{
				"name": "Sharp Arrowhead",
				"count": 9
			}
		],
		"ascend5": [
			{
				"name": "Mora",
				"count": 35000
			},
			{
				"name": "Fragment of Decarabian's Epic",
				"count": 6
			},
			{
				"name": "Black Crystal Horn",
				"count": 9
			},
			{
				"name": "Weathered Arrowhead",
				"count": 6
			}
		],
		"ascend6": [
			{
				"name": "Mora",
				"count": 45000
			},
			{
				"name": "Scattered Piece of Decarabian's Dream",
				"count": 4
			},
			{
				"name": "Black Crystal Horn",
				"count": 18
			},
			{
				"name": "Weathered Arrowhead",
				"count": 12
			}
		]
	}
}