{
	"name": "Favonius Warbow",
	"description": "A standard-issue recurve bow of the Knights of Favonius. Only the best archers can unleash its full potential.",
	"weapontype": "Bow",
	"rarity": "4",
	"baseatk": 41,
	"substat": "Energy Recharge",
	"subvalue": "13.3",
	"effectname": "Windfall",
	"effect": "CRIT Hits have a {0} chance to generate a small amount of Elemental Particles, which will regenerate 6 Energy for the character. Can only occur once every {1}.",
	"r1": [
		"60%",
		"12s"
	],
	"r2": [
		"70%",
		"10.5s"
	],
	"r3": [
		"80%",
		"9s"
	],
	"r4": [
		"90%",
		"7.5s"
	],
	"r5": [
		"100%",
		"6s"
	],
	"weaponmaterialtype": "Dandelion Gladiator",
	"costs": {
		"ascend1": [
			{
				"name": "Mora",
				"count": 5000
			},
			{
				"name": "Fetters of the Dandelion Gladiator",
				"count": 3
			},
			{
				"name": "Chaos Device",
				"count": 3
			},
			{
				"name": "Whopperflower Nectar",
				"count": 2
			}
		],
		"ascend2": [
			{
				"name": "Mora",
				"count": 15000
			},
			{
				"name": "Chains of the Dandelion Gladiator",
				"count": 3
			},
			{
				"name": "Chaos Device",
				"count": 12
			},
			{
				"name": "Whopperflower Nectar",
				"count": 8
			}
		],
		"ascend3": [
			{
				"name": "Mora",
				"count": 20000
			},
			{
				"name": "Chains of the Dandelion Gladiator",
				"count": 6
			},
			{
				"name": "Chaos Circuit",
				"count": 6
			},
			{
				"name": "Shimmering Nectar",
				"count": 6
			}
		],
		"ascend4": [
			{
				"name": "Mora",
				"count": 30000
			},
			{
				"name": "Shackles of the Dandelion Gladiator",
				"count": 3
			},
			{
				"name": "Chaos Circuit",
				"count": 12
			},
			{
				"name": "Shimmering Nectar",
				"count": 9
			}
		],
		"ascend5": [
			{
				"name": "Mora",
				"count": 35000
			},
			{
				"name": "Shackles of the Dandelion Gladiator",
				"count": 6
			},
			{
				"name": "Chaos Core",
				"count": 9
			},
			{
				"name": "Energy Nectar",
				"count": 6
			}
		],
		"ascend6": [
			{
				"name": "Mora",
				"count": 45000
			},
			{
				"name": "Dream of the Dandelion Gladiator",
				"count": 4
			},
			{
				"name": "Chaos Core",
				"count": 18
			},
			{
				"name": "Energy Nectar",
				"count": 12
			}
		]
	}
}