{
	"name": "Ferrous Shadow",
	"description": "A replica of the famed sword of Arundolyn, the Lion of Light. Feel the power of a legendary hero as you hold this sword in your hand! Imagine yourself as the great warrior himself! Note: Daydreaming not recommended in live combat.",
	"weapontype": "Claymore",
	"rarity": "3",
	"baseatk": 39,
	"substat": "HP",
	"subvalue": "7.7",
	"effectname": "Unbending",
	"effect": "When HP falls below {0}, increases Charged Attack DMG by {1} and Charged Attacks become harder to interrupt.",
	"r1": [
		"70%",
		"30%"
	],
	"r2": [
		"75%",
		"35%"
	],
	"r3": [
		"80%",
		"40%"
	],
	"r4": [
		"85%",
		"45%"
	],
	"r5": [
		"90%",
		"50%"
	],
	"weaponmaterialtype": "Decarabian",
	"costs": {
		"ascend1": [
			{
				"name": "Mora",
				"count": 5000
			},
			{
				"name": "Tile of Decarabian's Tower",
				"count": 2
			},
			{
				"name": "Heavy Horn",
				"count": 2
			},
			{
				"name": "Whopperflower Nectar",
				"count": 1
			}
		],
		"ascend2": [
			{
				"name": "Mora",
				"count": 10000
			},
			{
				"name": "Debris of Decarabian's City",
				"count": 2
			},
			{
				"name": "Heavy Horn",
				"count": 8
			},
			{
				"name": "Whopperflower Nectar",
				"count": 5
			}
		],
		"ascend3": [
			{
				"name": "Mora",
				"count": 15000
			},
			{
				"name": "Debris of Decarabian's City",
				"count": 4
			},
			{
				"name": "Black Bronze Horn",
				"count": 4
			},
			{
				"name": "Shimmering Nectar",
				"count": 4
			}
		],
		"ascend4": [
			{
				"name": "Mora",
				"count": 20000
			},
			{
				"name": "Fragment of Decarabian's Epic",
				"count": 2
			},
			{
				"name": "Black Bronze Horn",
				"count": 8
			},
			{
				"name": "Shimmering Nectar",
				"count": 6
			}
		],
		"ascend5": [
			{
				"name": "Mora",
				"count": 25000
			},
			{
				"name": "Fragment of Decarabian's Epic",
				"count": 4
			},
			{
				"name": "Black Crystal Horn",
				"count": 6
			},
			{
				"name": "Energy Nectar",
				"count": 4
			}
		],
		"ascend6": [
			{
				"name": "Mora",
				"count": 30000
			},
			{
				"name": "Scattered Piece of Decarabian's Dream",
				"count": 3
			},
			{
				"name": "Black Crystal Horn",
				"count": 12
			},
			{
				"name": "Energy Nectar",
				"count": 8
			}
		]
	}
}