{
	"name": "Freedom-Sworn",
	"description": "A straight sword, azure as antediluvian song, and as keen as the oaths of freedom taken in the Land of Wind.",
	"weapontype": "Sword",
	"rarity": "5",
	"baseatk": 46,
	"substat": "Elemental Mastery",
	"subvalue": "43",
	"effectname": "Revolutionary Chorale",
	"effect": "A part of the \"Millennial Movement\" that wanders amidst the winds. Increases DMG by {0}. When the character wielding this weapon triggers Elemental Reactions, they gain a Sigil of Rebellion. This effect can be triggered once every 0.5s and can be triggered even if said character is not on the field. When you possess 2 Sigils of Rebellion, all of them will be consumed and all nearby party members will obtain \"Millennial Movement: Song of Resistance\" for 12s. \"Millennial Movement: Song of Resistance\" increases Normal, Charged and Plunging Attack DMG by {1} and increases ATK by {2}. Once this effect is triggered, you will not gain Sigils of Rebellion for 20s. Of the many effects of the \"Millennial Movement,\" buffs of the same type will not stack.",
	"r1": [
		"10%",
		"16%",
		"20%"
	],
	"r2": [
		"12.5%",
		"20%",
		"25%"
	],
	"r3": [
		"15%",
		"24%",
		"30%"
	],
	"r4": [
		"17.5%",
		"28%",
		"35%"
	],
	"r5": [
		"20%",
		"32%",
		"40%"
	],
	"weaponmaterialtype": "",
	"costs": {
		"ascend1": [
			{
				"name": "Mora",
				"count": 10000
			},
			{
				"name": "Fetters of the Dandelion Gladiator",
				"count": 5
			},
			{
				"name": "Chaos Device",
				"count": 5
			},
			{
				"name": "Divining Scroll",
				"count": 3
			}
		],
		"ascend2": [
			{
				"name": "Mora",
				"count": 20000
			},
			{
				"name": "Chains of the Dandelion Gladiator",
				"count": 5
			},
			{
				"name": "Chaos Device",
				"count": 18
			},
			{
				"name": "Divining Scroll",
				"count": 12
			}
		],
		"ascend3": [
			{
				"name": "Mora",
				"count": 30000
			},
			{
				"name": "Chains of the Dandelion Gladiator",
				"count": 9
			},
			{
				"name": "Chaos Circuit",
				"count": 9
			},
			{
				"name": "Sealed Scroll",
				"count": 9
			}
		],
		"ascend4": [
			{
				"name": "Mora",
				"count": 45000
			},
			{
				"name": "Shackles of the Dandelion Gladiator",
				"count": 5
			},
			{
				"name": "Chaos Circuit",
				"count": 18
			},
			{
				"name": "Sealed Scroll",
				"count": 14
			}
		],
		"ascend5": [
			{
				"name": "Mora",
				"count": 55000
			},
			{
				"name": "Shackles of the Dandelion Gladiator",
				"count": 9
			},
			{
				"name": "Chaos Core",
				"count": 14
			},
			{
				"name": "Forbidden Curse Scroll",
				"count": 9
			}
		],
		"ascend6": [
			{
				"name": "Mora",
				"count": 65000
			},
			{
				"name": "Dream of the Dandelion Gladiator",
				"count": 6
			},
			{
				"name": "Chaos Core",
				"count": 27
			},
			{
				"name": "Forbidden Curse Scroll",
				"count": 18
			}
		]
	}
}