{
	"name": "Frostbearer",
	"description": "A fruit that possesses a strange, frosty will. A faint sense of agony emanates from it.",
	"weapontype": "Catalyst",
	"rarity": "4",
	"baseatk": 42,
	"substat": "ATK",
	"subvalue": "9",
	"effectname": "Frost Burial",
	"effect": "Hitting an opponent with Normal and Charged Attacks has a {0} chance of forming and dropping an Everfrost Icicle above them, dealing AoE DMG equal to {1} of ATK. Opponents affected by Cryo are instead dealt DMG equal to {2} of ATK. Can only occur once every 10s.",
	"r1": [
		"60%",
		"80%",
		"200%"
	],
	"r2": [
		"70%",
		"95%",
		"240%"
	],
	"r3": [
		"80%",
		"110%",
		"280%"
	],
	"r4": [
		"90%",
		"125%",
		"320%"
	],
	"r5": [
		"100%",
		"140%",
		"360%"
	],
	"weaponmaterialtype": "Dandelion Gladiator",
	"costs": {
		"ascend1": [
			{
				"name": "Mora",
				"count": 5000
			},
			{
				"name": "Fetters of the Dandelion Gladiator",
				"count": 3
			},
			{
				"name": "Chaos Device",
				"count": 3
			},
			{
				"name": "Whopperflower Nectar",
				"count": 2
			}
		],
		"ascend2": [
			{
				"name": "Mora",
				"count": 15000
			},
			{
				"name": "Chains of the Dandelion Gladiator",
				"count": 3
			},
			{
				"name": "Chaos Device",
				"count": 12
			},
			{
				"name": "Whopperflower Nectar",
				"count": 8
			}
		],
		"ascend3": [
			{
				"name": "Mora",
				"count": 20000
			},
			{
				"name": "Chains of the Dandelion Gladiator",
				"count": 6
			},
			{
				"name": "Chaos Circuit",
				"count": 6
			},
			{
				"name": "Shimmering Nectar",
				"count": 6
			}
		],
		"ascend4": [
			{
				"name": "Mora",
				"count": 30000
			},
			{
				"name": "Shackles of the Dandelion Gladiator",
				"count": 3
			},
			{
				"name": "Chaos Circuit",
				"count": 12
			},
			{
				"name": "Shimmering Nectar",
				"count": 9
			}
		],
		"ascend5": [
			{
				"name": "Mora",
				"count": 35000
			},
			{
				"name": "Shackles of the Dandelion Gladiator",
				"count": 6
			},
			{
				"name": "Chaos Core",
				"count": 9
			},
			{
				"name": "Energy Nectar",
				"count": 6
			}
		],
		"ascend6": [
			{
				"name": "Mora",
				"count": 45000
			},
			{
				"name": "Dream of the Dandelion Gladiator",
				"count": 4
			},
			{
				"name": "Chaos Core",
				"count": 18
			},
			{
				"name": "Energy Nectar",
				"count": 12
			}
		]
	}
}