{
	"name": "Halberd",
	"description": "A polearm with an axe blade mounted on top that can deal quite a lot of damage. It's favored by the Millelith officers.",
	"weapontype": "Polearm",
	"rarity": "3",
	"baseatk": 40,
	"substat": "ATK",
	"subvalue": "5.1",
	"effectname": "Heavy",
	"effect": "Normal Attacks deal an additional {0} ATK as DMG. This effect can only occur once every 10s.",
	"r1": [
		"160%"
	],
	"r2": [
		"200%"
	],
	"r3": [
		"240%"
	],
	"r4": [
		"280%"
	],
	"r5": [
		"320%"
	],
	"weaponmaterialtype": "Mist Veiled Elixir",
	"costs": {
		"ascend1": [
			{
				"name": "Mora",
				"count": 5000
			},
			{
				"name": "Mist Veiled Lead Elixir",
				"count": 2
			},
			{
				"name": "Mist Grass Pollen",
				"count": 2
			},
			{
				"name": "Whopperflower Nectar",
				"count": 1
			}
		],
		"ascend2": [
			{
				"name": "Mora",
				"count": 10000
			},
			{
				"name": "Mist Veiled Mercury Elixir",
				"count": 2
			},
			{
				"name": "Mist Grass Pollen",
				"count": 8
			},
			{
				"name": "Whopperflower Nectar",
				"count": 5
			}
		],
		"ascend3": [
			{
				"name": "Mora",
				"count": 15000
			},
			{
				"name": "Mist Veiled Mercury Elixir",
				"count": 4
			},
			{
				"name": "Mist Grass",
				"count": 4
			},
			{
				"name": "Shimmering Nectar",
				"count": 4
			}
		],
		"ascend4": [
			{
				"name": "Mora",
				"count": 20000
			},
			{
				"name": "Mist Veiled Gold Elixir",
				"count": 2
			},
			{
				"name": "Mist Grass",
				"count": 8
			},
			{
				"name": "Shimmering Nectar",
				"count": 6
			}
		],
		"ascend5": [
			{
				"name": "Mora",
				"count": 25000
			},
			{
				"name": "Mist Veiled Gold Elixir",
				"count": 4
			},
			{
				"name": "Mist Grass Wick",
				"count": 6
			},
			{
				"name": "Energy Nectar",
				"count": 4
			}
		],
		"ascend6": [
			{
				"name": "Mora",
				"count": 30000
			},
			{
				"name": "Mist Veiled Primo Elixir",
				"count": 3
			},
			{
				"name": "Mist Grass Wick",
				"count": 12
			},
			{
				"name": "Energy Nectar",
				"count": 8
			}
		]
	}
}