{
	"name": "Kagura's Verity",
	"description": "The bells used when performing the Kagura Dance, blessed by the Guuji herself. The scent of the Sacred Sakura tree lingers on it.",
	"weapontype": "Catalyst",
	"rarity": "5",
	"baseatk": 46,
	"substat": "CRIT DMG",
	"subvalue": "14.4",
	"effectname": "Kagura Dance of the Sacred Sakura",
	"effect": "Gains the Kagura Dance effect when using an Elemental Skill, causing the Elemental Skill DMG of the character wielding this weapon to increase by {0} for 16s. Max 3 stacks. This character will gain {1} All Elemental DMG Bonus when they possess 3 stacks.",
	"r1": [
		"12%",
		"12%"
	],
	"r2": [
		"15%",
		"15%"
	],
	"r3": [
		"18%",
		"18%"
	],
	"r4": [
		"21%",
		"21%"
	],
	"r5": [
		"24%",
		"24%"
	],
	"weaponmaterialtype": "",
	"costs": {
		"ascend1": [
			{
				"name": "Mora",
				"count": 10000
			},
			{
				"name": "Mask of the Wicked Lieutenant",
				"count": 5
			},
			{
				"name": "Concealed Claw",
				"count": 5
			},
			{
				"name": "Spectral Husk",
				"count": 3
			}
		],
		"ascend2": [
			{
				"name": "Mora",
				"count": 20000
			},
			{
				"name": "Mask of the Tiger's Bite",
				"count": 5
			},
			{
				"name": "Concealed Claw",
				"count": 18
			},
			{
				"name": "Spectral Husk",
				"count": 12
			}
		],
		"ascend3": [
			{
				"name": "Mora",
				"count": 30000
			},
			{
				"name": "Mask of the Tiger's Bite",
				"count": 9
			},
			{
				"name": "Concealed Unguis",
				"count": 9
			},
			{
				"name": "Spectral Heart",
				"count": 9
			}
		],
		"ascend4": [
			{
				"name": "Mora",
				"count": 45000
			},
			{
				"name": "Mask of the One-Horned",
				"count": 5
			},
			{
				"name": "Concealed Unguis",
				"count": 18
			},
			{
				"name": "Spectral Heart",
				"count": 14
			}
		],
		"ascend5": [
			{
				"name": "Mora",
				"count": 55000
			},
			{
				"name": "Mask of the One-Horned",
				"count": 9
			},
			{
				"name": "Concealed Talon",
				"count": 14
			},
			{
				"name": "Spectral Nucleus",
				"count": 9
			}
		],
		"ascend6": [
			{
				"name": "Mora",
				"count": 65000
			},
			{
				"name": "Mask of the Kijin",
				"count": 6
			},
			{
				"name": "Concealed Talon",
				"count": 27
			},
			{
				"name": "Spectral Nucleus",
				"count": 18
			}
		]
	}
}