{
	"name": "Katsuragikiri Nagamasa",
	"description": "A blade that was once made in Tatarasuna. Heavy and tough.",
	"weapontype": "Claymore",
	"rarity": "4",
	"baseatk": 42,
	"substat": "Energy Recharge",
	"subvalue": "10",
	"effectname": "Samurai Conduct",
	"effect": "Increases Elemental Skill DMG by {0}. After Elemental Skill hits an opponent, the character loses 3 Energy but regenerates {1} Energy every 2s for the next 6s. This effect can occur once every 10s. Can be triggered even when the character is not on the field.",
	"r1": [
		"6%",
		"3"
	],
	"r2": [
		"7.5%",
		"3.5"
	],
	"r3": [
		"9%",
		"4"
	],
	"r4": [
		"10.5%",
		"4.5"
	],
	"r5": [
		"12%",
		"5"
	],
	"weaponmaterialtype": "",
	"costs": {
		"ascend1": [
			{
				"name": "Mora",
				"count": 5000
			},
			{
				"name": "Narukami's Wisdom",
				"count": 3
			},
			{
				"name": "Chaos Gear",
				"count": 3
			},
			{
				"name": "Old Handguard",
				"count": 2
			}
		],
		"ascend2": [
			{
				"name": "Mora",
				"count": 15000
			},
			{
				"name": "Narukami's Joy",
				"count": 3
			},
			{
				"name": "Chaos Gear",
				"count": 12
			},
			{
				"name": "Old Handguard",
				"count": 8
			}
		],
		"ascend3": [
			{
				"name": "Mora",
				"count": 20000
			},
			{
				"name": "Narukami's Joy",
				"count": 6
			},
			{
				"name": "Chaos Axis",
				"count": 6
			},
			{
				"name": "Kageuchi Handguard",
				"count": 6
			}
		],
		"ascend4": [
			{
				"name": "Mora",
				"count": 30000
			},
			{
				"name": "Narukami's Affection",
				"count": 3
			},
			{
				"name": "Chaos Axis",
				"count": 12
			},
			{
				"name": "Kageuchi Handguard",
				"count": 9
			}
		],
		"ascend5": [
			{
				"name": "Mora",
				"count": 35000
			},
			{
				"name": "Narukami's Affection",
				"count": 6
			},
			{
				"name": "Chaos Oculus",
				"count": 9
			},
			{
				"name": "Famed Handguard",
				"count": 6
			}
		],
		"ascend6": [
			{
				"name": "Mora",
				"count": 45000
			},
			{
				"name": "Narukami's Valor",
				"count": 4
			},
			{
				"name": "Chaos Oculus",
				"count": 18
			},
			{
				"name": "Famed Handguard",
				"count": 12
			}
		]
	}
}