{
	"name": "Kitain Cross Spear",
	"description": "A special lance that was once used by a famed warrior who guarded the Tatarigami on Yashiori Island.",
	"weapontype": "Polearm",
	"rarity": "4",
	"baseatk": 44,
	"substat": "Elemental Mastery",
	"subvalue": "24",
	"effectname": "Samurai Conduct",
	"effect": "Increases Elemental Skill DMG by {0}. After Elemental Skill hits an opponent, the character loses 3 Energy but regenerates {1} Energy every 2s for the next 6s. This effect can occur once every 10s. Can be triggered even when the character is not on the field.",
	"r1": [
		"6%",
		"3"
	],
	"r2": [
		"7.5%",
		"3.5"
	],
	"r3": [
		"9%",
		"4"
	],
	"r4": [
		"10.5%",
		"4.5"
	],
	"r5": [
		"12%",
		"5"
	],
	"weaponmaterialtype": "",
	"costs": {
		"ascend1": [
			{
				"name": "Mora",
				"count": 5000
			},
			{
				"name": "Mask of the Wicked Lieutenant",
				"count": 3
			},
			{
				"name": "Chaos Gear",
				"count": 3
			},
			{
				"name": "Treasure Hoarder Insignia",
				"count": 2
			}
		],
		"ascend2": [
			{
				"name": "Mora",
				"count": 15000
			},
			{
				"name": "Mask of the Tiger's Bite",
				"count": 3
			},
			{
				"name": "Chaos Gear",
				"count": 12
			},
			{
				"name": "Treasure Hoarder Insignia",
				"count": 8
			}
		],
		"ascend3": [
			{
				"name": "Mora",
				"count": 20000
			},
			{
				"name": "Mask of the Tiger's Bite",
				"count": 6
			},
			{
				"name": "Chaos Axis",
				"count": 6
			},
			{
				"name": "Silver Raven Insignia",
				"count": 6
			}
		],
		"ascend4": [
			{
				"name": "Mora",
				"count": 30000
			},
			{
				"name": "Mask of the One-Horned",
				"count": 3
			},
			{
				"name": "Chaos Axis",
				"count": 12
			},
			{
				"name": "Silver Raven Insignia",
				"count": 9
			}
		],
		"ascend5": [
			{
				"name": "Mora",
				"count": 35000
			},
			{
				"name": "Mask of the One-Horned",
				"count": 6
			},
			{
				"name": "Chaos Oculus",
				"count": 9
			},
			{
				"name": "Golden Raven Insignia",
				"count": 6
			}
		],
		"ascend6": [
			{
				"name": "Mora",
				"count": 45000
			},
			{
				"name": "Mask of the Kijin",
				"count": 4
			},
			{
				"name": "Chaos Oculus",
				"count": 18
			},
			{
				"name": "Golden Raven Insignia",
				"count": 12
			}
		]
	}
}