{
	"name": "Lion's Roar",
	"description": "A sharp blade with extravagant carvings that somehow does not compromise on durability and sharpness. It roars like a lion as it cuts through the air.",
	"weapontype": "Sword",
	"rarity": "4",
	"baseatk": 42,
	"substat": "ATK",
	"subvalue": "9",
	"effectname": "Bane of Fire and Thunder",
	"effect": "Increases DMG against opponents affected by Pyro or Electro by {0}.",
	"r1": [
		"20%"
	],
	"r2": [
		"24%"
	],
	"r3": [
		"28%"
	],
	"r4": [
		"32%"
	],
	"r5": [
		"36%"
	],
	"weaponmaterialtype": "Guyun",
	"costs": {
		"ascend1": [
			{
				"name": "Mora",
				"count": 5000
			},
			{
				"name": "Luminous Sands from Guyun",
				"count": 3
			},
			{
				"name": "Hunter's Sacrificial Knife",
				"count": 3
			},
			{
				"name": "Treasure Hoarder Insignia",
				"count": 2
			}
		],
		"ascend2": [
			{
				"name": "Mora",
				"count": 15000
			},
			{
				"name": "Lustrous Stone from Guyun",
				"count": 3
			},
			{
				"name": "Hunter's Sacrificial Knife",
				"count": 12
			},
			{
				"name": "Treasure Hoarder Insignia",
				"count": 8
			}
		],
		"ascend3": [
			{
				"name": "Mora",
				"count": 20000
			},
			{
				"name": "Lustrous Stone from Guyun",
				"count": 6
			},
			{
				"name": "Agent's Sacrificial Knife",
				"count": 6
			},
			{
				"name": "Silver Raven Insignia",
				"count": 6
			}
		],
		"ascend4": [
			{
				"name": "Mora",
				"count": 30000
			},
			{
				"name": "Relic from Guyun",
				"count": 3
			},
			{
				"name": "Agent's Sacrificial Knife",
				"count": 12
			},
			{
				"name": "Silver Raven Insignia",
				"count": 9
			}
		],
		"ascend5": [
			{
				"name": "Mora",
				"count": 35000
			},
			{
				"name": "Relic from Guyun",
				"count": 6
			},
			{
				"name": "Inspector's Sacrificial Knife",
				"count": 9
			},
			{
				"name": "Golden Raven Insignia",
				"count": 6
			}
		],
		"ascend6": [
			{
				"name": "Mora",
				"count": 45000
			},
			{
				"name": "Divine Body from Guyun",
				"count": 4
			},
			{
				"name": "Inspector's Sacrificial Knife",
				"count": 18
			},
			{
				"name": "Golden Raven Insignia",
				"count": 12
			}
		]
	}
}