{
	"name": "Lithic Blade",
	"description": "A greatsword carved and chiseled from the very bedrock of Liyue.",
	"weapontype": "Claymore",
	"rarity": "4",
	"baseatk": 42,
	"substat": "ATK",
	"subvalue": "9",
	"effectname": "Lithic Axiom: Unity",
	"effect": "For every character in the party who hails from Liyue, the character who equips this weapon gains a {0} ATK increase and a {1} CRIT Rate increase. This effect stacks up to 4 times.",
	"r1": [
		"7%",
		"3%"
	],
	"r2": [
		"8%",
		"4%"
	],
	"r3": [
		"9%",
		"5%"
	],
	"r4": [
		"10%",
		"6%"
	],
	"r5": [
		"11%",
		"7%"
	],
	"weaponmaterialtype": "Guyun",
	"costs": {
		"ascend1": [
			{
				"name": "Mora",
				"count": 5000
			},
			{
				"name": "Luminous Sands from Guyun",
				"count": 3
			},
			{
				"name": "Hunter's Sacrificial Knife",
				"count": 3
			},
			{
				"name": "Firm Arrowhead",
				"count": 2
			}
		],
		"ascend2": [
			{
				"name": "Mora",
				"count": 15000
			},
			{
				"name": "Lustrous Stone from Guyun",
				"count": 3
			},
			{
				"name": "Hunter's Sacrificial Knife",
				"count": 12
			},
			{
				"name": "Firm Arrowhead",
				"count": 8
			}
		],
		"ascend3": [
			{
				"name": "Mora",
				"count": 20000
			},
			{
				"name": "Lustrous Stone from Guyun",
				"count": 6
			},
			{
				"name": "Agent's Sacrificial Knife",
				"count": 6
			},
			{
				"name": "Sharp Arrowhead",
				"count": 6
			}
		],
		"ascend4": [
			{
				"name": "Mora",
				"count": 30000
			},
			{
				"name": "Relic from Guyun",
				"count": 3
			},
			{
				"name": "Agent's Sacrificial Knife",
				"count": 12
			},
			{
				"name": "Sharp Arrowhead",
				"count": 9
			}
		],
		"ascend5": [
			{
				"name": "Mora",
				"count": 35000
			},
			{
				"name": "Relic from Guyun",
				"count": 6
			},
			{
				"name": "Inspector's Sacrificial Knife",
				"count": 9
			},
			{
				"name": "Weathered Arrowhead",
				"count": 6
			}
		],
		"ascend6": [
			{
				"name": "Mora",
				"count": 45000
			},
			{
				"name": "Divine Body from Guyun",
				"count": 4
			},
			{
				"name": "Inspector's Sacrificial Knife",
				"count": 18
			},
			{
				"name": "Weathered Arrowhead",
				"count": 12
			}
		]
	}
}