{
	"name": "Lithic Spear",
	"description": "A spear forged from the rocks of the Guyun Stone Forest. Its hardness knows no equal.",
	"weapontype": "Polearm",
	"rarity": "4",
	"baseatk": 44,
	"substat": "ATK",
	"subvalue": "6",
	"effectname": "Lithic Axiom: Unity",
	"effect": "For every character in the party who hails from Liyue, the character who equips this weapon gains a {0} ATK increase and a {1} CRIT Rate increase. This effect stacks up to 4 times.",
	"r1": [
		"7%",
		"3%"
	],
	"r2": [
		"8%",
		"4%"
	],
	"r3": [
		"9%",
		"5%"
	],
	"r4": [
		"10%",
		"6%"
	],
	"r5": [
		"11%",
		"7%"
	],
	"weaponmaterialtype": "Aerosiderite",
	"costs": {
		"ascend1": [
			{
				"name": "Mora",
				"count": 5000
			},
			{
				"name": "Grain of Aerosiderite",
				"count": 3
			},
			{
				"name": "Fragile Bone Shard",
				"count": 3
			},
			{
				"name": "Firm Arrowhead",
				"count": 2
			}
		],
		"ascend2": [
			{
				"name": "Mora",
				"count": 15000
			},
			{
				"name": "Piece of Aerosiderite",
				"count": 3
			},
			{
				"name": "Fragile Bone Shard",
				"count": 12
			},
			{
				"name": "Firm Arrowhead",
				"count": 8
			}
		],
		"ascend3": [
			{
				"name": "Mora",
				"count": 20000
			},
			{
				"name": "Piece of Aerosiderite",
				"count": 6
			},
			{
				"name": "Sturdy Bone Shard",
				"count": 6
			},
			{
				"name": "Sharp Arrowhead",
				"count": 6
			}
		],
		"ascend4": [
			{
				"name": "Mora",
				"count": 30000
			},
			{
				"name": "Bit of Aerosiderite",
				"count": 3
			},
			{
				"name": "Sturdy Bone Shard",
				"count": 12
			},
			{
				"name": "Sharp Arrowhead",
				"count": 9
			}
		],
		"ascend5": [
			{
				"name": "Mora",
				"count": 35000
			},
			{
				"name": "Bit of Aerosiderite",
				"count": 6
			},
			{
				"name": "Fossilized Bone Shard",
				"count": 9
			},
			{
				"name": "Weathered Arrowhead",
				"count": 6
			}
		],
		"ascend6": [
			{
				"name": "Mora",
				"count": 45000
			},
			{
				"name": "Chunk of Aerosiderite",
				"count": 4
			},
			{
				"name": "Fossilized Bone Shard",
				"count": 18
			},
			{
				"name": "Weathered Arrowhead",
				"count": 12
			}
		]
	}
}