{
	"name": "Luxurious Sea-Lord",
	"description": "The great king of the ocean. Having been air-dried, it makes for a fine weapon as well as emergency sustenance.",
	"weapontype": "Claymore",
	"rarity": "4",
	"baseatk": 41,
	"substat": "ATK",
	"subvalue": "12",
	"effectname": "Oceanic Victory",
	"effect": "Increases Elemental Burst DMG by {0}. When Elemental Burst hits opponents, there is a 100% chance of summoning a huge onrush of tuna that deals {1} ATK as AoE DMG. This effect can occur once every 15s.",
	"r1": [
		"12%",
		"100%"
	],
	"r2": [
		"15%",
		"125%"
	],
	"r3": [
		"18%",
		"150%"
	],
	"r4": [
		"21%",
		"175%"
	],
	"r5": [
		"24%",
		"200%"
	],
	"weaponmaterialtype": "",
	"costs": {
		"ascend1": [
			{
				"name": "Mora",
				"count": 5000
			},
			{
				"name": "Grain of Aerosiderite",
				"count": 3
			},
			{
				"name": "Fragile Bone Shard",
				"count": 3
			},
			{
				"name": "Slime Condensate",
				"count": 2
			}
		],
		"ascend2": [
			{
				"name": "Mora",
				"count": 15000
			},
			{
				"name": "Piece of Aerosiderite",
				"count": 3
			},
			{
				"name": "Fragile Bone Shard",
				"count": 12
			},
			{
				"name": "Slime Condensate",
				"count": 8
			}
		],
		"ascend3": [
			{
				"name": "Mora",
				"count": 20000
			},
			{
				"name": "Piece of Aerosiderite",
				"count": 6
			},
			{
				"name": "Sturdy Bone Shard",
				"count": 6
			},
			{
				"name": "Slime Secretions",
				"count": 6
			}
		],
		"ascend4": [
			{
				"name": "Mora",
				"count": 30000
			},
			{
				"name": "Bit of Aerosiderite",
				"count": 3
			},
			{
				"name": "Sturdy Bone Shard",
				"count": 12
			},
			{
				"name": "Slime Secretions",
				"count": 9
			}
		],
		"ascend5": [
			{
				"name": "Mora",
				"count": 35000
			},
			{
				"name": "Bit of Aerosiderite",
				"count": 6
			},
			{
				"name": "Fossilized Bone Shard",
				"count": 9
			},
			{
				"name": "Slime Concentrate",
				"count": 6
			}
		],
		"ascend6": [
			{
				"name": "Mora",
				"count": 45000
			},
			{
				"name": "Chunk of Aerosiderite",
				"count": 4
			},
			{
				"name": "Fossilized Bone Shard",
				"count": 18
			},
			{
				"name": "Slime Concentrate",
				"count": 12
			}
		]
	}
}