{
	"name": "Mappa Mare",
	"description": "A nautical chart featuring nearby currents and climates that somehow found its way into Liyue via foreign traders.",
	"weapontype": "Catalyst",
	"rarity": "4",
	"baseatk": 44,
	"substat": "Elemental Mastery",
	"subvalue": "24",
	"effectname": "Infusion Scroll",
	"effect": "Triggering an Elemental reaction grants a {0} Elemental DMG Bonus for 10s. Max 2 stacks.",
	"r1": [
		"8%"
	],
	"r2": [
		"10%"
	],
	"r3": [
		"12%"
	],
	"r4": [
		"14%"
	],
	"r5": [
		"16%"
	],
	"weaponmaterialtype": "Aerosiderite",
	"costs": {
		"ascend1": [
			{
				"name": "Mora",
				"count": 5000
			},
			{
				"name": "Grain of Aerosiderite",
				"count": 3
			},
			{
				"name": "Fragile Bone Shard",
				"count": 3
			},
			{
				"name": "Slime Condensate",
				"count": 2
			}
		],
		"ascend2": [
			{
				"name": "Mora",
				"count": 15000
			},
			{
				"name": "Piece of Aerosiderite",
				"count": 3
			},
			{
				"name": "Fragile Bone Shard",
				"count": 12
			},
			{
				"name": "Slime Condensate",
				"count": 8
			}
		],
		"ascend3": [
			{
				"name": "Mora",
				"count": 20000
			},
			{
				"name": "Piece of Aerosiderite",
				"count": 6
			},
			{
				"name": "Sturdy Bone Shard",
				"count": 6
			},
			{
				"name": "Slime Secretions",
				"count": 6
			}
		],
		"ascend4": [
			{
				"name": "Mora",
				"count": 30000
			},
			{
				"name": "Bit of Aerosiderite",
				"count": 3
			},
			{
				"name": "Sturdy Bone Shard",
				"count": 12
			},
			{
				"name": "Slime Secretions",
				"count": 9
			}
		],
		"ascend5": [
			{
				"name": "Mora",
				"count": 35000
			},
			{
				"name": "Bit of Aerosiderite",
				"count": 6
			},
			{
				"name": "Fossilized Bone Shard",
				"count": 9
			},
			{
				"name": "Slime Concentrate",
				"count": 6
			}
		],
		"ascend6": [
			{
				"name": "Mora",
				"count": 45000
			},
			{
				"name": "Chunk of Aerosiderite",
				"count": 4
			},
			{
				"name": "Fossilized Bone Shard",
				"count": 18
			},
			{
				"name": "Slime Concentrate",
				"count": 12
			}
		]
	}
}