{
	"name": "Memory of Dust",
	"description": "A stone dumbbell containing distant memories. Its endless transformations reveal the power within.",
	"weapontype": "Catalyst",
	"rarity": "5",
	"baseatk": 46,
	"substat": "ATK",
	"subvalue": "10.8",
	"effectname": "Golden Majesty",
	"effect": "Increases Shield Strength by {0}. Scoring hits on opponents increases ATK by {1} for 8s. Max 5 stacks. Can only occur once every 0.3s. While protected by a shield, this ATK increase effect is increased by 100%.",
	"r1": [
		"20%",
		"4%"
	],
	"r2": [
		"25%",
		"5%"
	],
	"r3": [
		"30%",
		"6%"
	],
	"r4": [
		"35%",
		"7%"
	],
	"r5": [
		"40%",
		"8%"
	],
	"weaponmaterialtype": "Aerosiderite",
	"costs": {
		"ascend1": [
			{
				"name": "Mora",
				"count": 10000
			},
			{
				"name": "Grain of Aerosiderite",
				"count": 5
			},
			{
				"name": "Fragile Bone Shard",
				"count": 5
			},
			{
				"name": "Damaged Mask",
				"count": 3
			}
		],
		"ascend2": [
			{
				"name": "Mora",
				"count": 20000
			},
			{
				"name": "Piece of Aerosiderite",
				"count": 5
			},
			{
				"name": "Fragile Bone Shard",
				"count": 18
			},
			{
				"name": "Damaged Mask",
				"count": 12
			}
		],
		"ascend3": [
			{
				"name": "Mora",
				"count": 30000
			},
			{
				"name": "Piece of Aerosiderite",
				"count": 9
			},
			{
				"name": "Sturdy Bone Shard",
				"count": 9
			},
			{
				"name": "Stained Mask",
				"count": 9
			}
		],
		"ascend4": [
			{
				"name": "Mora",
				"count": 45000
			},
			{
				"name": "Bit of Aerosiderite",
				"count": 5
			},
			{
				"name": "Sturdy Bone Shard",
				"count": 18
			},
			{
				"name": "Stained Mask",
				"count": 14
			}
		],
		"ascend5": [
			{
				"name": "Mora",
				"count": 55000
			},
			{
				"name": "Bit of Aerosiderite",
				"count": 9
			},
			{
				"name": "Fossilized Bone Shard",
				"count": 14
			},
			{
				"name": "Ominous Mask",
				"count": 9
			}
		],
		"ascend6": [
			{
				"name": "Mora",
				"count": 65000
			},
			{
				"name": "Chunk of Aerosiderite",
				"count": 6
			},
			{
				"name": "Fossilized Bone Shard",
				"count": 27
			},
			{
				"name": "Ominous Mask",
				"count": 18
			}
		]
	}
}