{
	"name": "Messenger",
	"description": "A basic wooden bow. It is said to have once been used as a tool for long-distance communication.",
	"weapontype": "Bow",
	"rarity": "3",
	"baseatk": 40,
	"substat": "CRIT DMG",
	"subvalue": "6.8",
	"effectname": "Archer's Message",
	"effect": "Charged Attack hits on weak points deal an additional {0} ATK DMG as CRIT DMG. Can only occur once every 10s.",
	"r1": [
		"100%"
	],
	"r2": [
		"125%"
	],
	"r3": [
		"150%"
	],
	"r4": [
		"175%"
	],
	"r5": [
		"200%"
	],
	"weaponmaterialtype": "Mist Veiled Elixir",
	"costs": {
		"ascend1": [
			{
				"name": "Mora",
				"count": 5000
			},
			{
				"name": "Mist Veiled Lead Elixir",
				"count": 2
			},
			{
				"name": "Mist Grass Pollen",
				"count": 2
			},
			{
				"name": "Treasure Hoarder Insignia",
				"count": 1
			}
		],
		"ascend2": [
			{
				"name": "Mora",
				"count": 10000
			},
			{
				"name": "Mist Veiled Mercury Elixir",
				"count": 2
			},
			{
				"name": "Mist Grass Pollen",
				"count": 8
			},
			{
				"name": "Treasure Hoarder Insignia",
				"count": 5
			}
		],
		"ascend3": [
			{
				"name": "Mora",
				"count": 15000
			},
			{
				"name": "Mist Veiled Mercury Elixir",
				"count": 4
			},
			{
				"name": "Mist Grass",
				"count": 4
			},
			{
				"name": "Silver Raven Insignia",
				"count": 4
			}
		],
		"ascend4": [
			{
				"name": "Mora",
				"count": 20000
			},
			{
				"name": "Mist Veiled Gold Elixir",
				"count": 2
			},
			{
				"name": "Mist Grass",
				"count": 8
			},
			{
				"name": "Silver Raven Insignia",
				"count": 6
			}
		],
		"ascend5": [
			{
				"name": "Mora",
				"count": 25000
			},
			{
				"name": "Mist Veiled Gold Elixir",
				"count": 4
			},
			{
				"name": "Mist Grass Wick",
				"count": 6
			},
			{
				"name": "Golden Raven Insignia",
				"count": 4
			}
		],
		"ascend6": [
			{
				"name": "Mora",
				"count": 30000
			},
			{
				"name": "Mist Veiled Primo Elixir",
				"count": 3
			},
			{
				"name": "Mist Grass Wick",
				"count": 12
			},
			{
				"name": "Golden Raven Insignia",
				"count": 8
			}
		]
	}
}