{
	"name": "Mistsplitter Reforged",
	"description": "A sword that blazes with a fierce violet light. The name \"Reforged\" comes from it having been broken once before.",
	"weapontype": "Sword",
	"rarity": "5",
	"baseatk": 48,
	"substat": "CRIT DMG",
	"subvalue": "9.6",
	"effectname": "Mistsplitter's Edge",
	"effect": "Gain a {0} Elemental DMG Bonus for all elements and receive the might of the Mistsplitter's Emblem. At stack levels 1/2/3, the Mistsplitter's Emblem provides a {1} Elemental DMG Bonus for the character's Elemental Type. The character will obtain 1 stack of the Mistsplitter's Emblem in each of the following scenarios: Normal Attack deals Elemental DMG (stack lasts 5s), casting Elemental Burst (stack lasts 10s); Energy is less than 100% (stack disappears when Energy is full). Each stack's duration is calculated independently.",
	"r1": [
		"12%",
		"8/16/28%"
	],
	"r2": [
		"15%",
		"10/20/35%"
	],
	"r3": [
		"18%",
		"12/24/42%"
	],
	"r4": [
		"21%",
		"14/28/49%"
	],
	"r5": [
		"24%",
		"16/32/56%"
	],
	"weaponmaterialtype": "",
	"costs": {
		"ascend1": [
			{
				"name": "Mora",
				"count": 10000
			},
			{
				"name": "Coral Branch of a Distant Sea",
				"count": 5
			},
			{
				"name": "Chaos Gear",
				"count": 5
			},
			{
				"name": "Old Handguard",
				"count": 3
			}
		],
		"ascend2": [
			{
				"name": "Mora",
				"count": 20000
			},
			{
				"name": "Jeweled Branch of a Distant Sea",
				"count": 5
			},
			{
				"name": "Chaos Gear",
				"count": 18
			},
			{
				"name": "Old Handguard",
				"count": 12
			}
		],
		"ascend3": [
			{
				"name": "Mora",
				"count": 30000
			},
			{
				"name": "Jeweled Branch of a Distant Sea",
				"count": 9
			},
			{
				"name": "Chaos Axis",
				"count": 9
			},
			{
				"name": "Kageuchi Handguard",
				"count": 9
			}
		],
		"ascend4": [
			{
				"name": "Mora",
				"count": 45000
			},
			{
				"name": "Jade Branch of a Distant Sea",
				"count": 5
			},
			{
				"name": "Chaos Axis",
				"count": 18
			},
			{
				"name": "Kageuchi Handguard",
				"count": 14
			}
		],
		"ascend5": [
			{
				"name": "Mora",
				"count": 55000
			},
			{
				"name": "Jade Branch of a Distant Sea",
				"count": 9
			},
			{
				"name": "Chaos Oculus",
				"count": 14
			},
			{
				"name": "Famed Handguard",
				"count": 9
			}
		],
		"ascend6": [
			{
				"name": "Mora",
				"count": 65000
			},
			{
				"name": "Golden Branch of a Distant Sea",
				"count": 6
			},
			{
				"name": "Chaos Oculus",
				"count": 27
			},
			{
				"name": "Famed Handguard",
				"count": 18
			}
		]
	}
}