{
	"name": "Mitternachts Waltz",
	"description": "A bow painted the color of transgression and nights of illusion.",
	"weapontype": "Bow",
	"rarity": "4",
	"baseatk": 42,
	"substat": "Physical DMG Bonus",
	"subvalue": "11.3",
	"effectname": "Evernight Duet",
	"effect": "Normal Attack hits on opponents increase Elemental Skill DMG by {0} for 5s. Elemental Skill hits on opponents increase Normal Attack DMG by {1} for 5s.",
	"r1": [
		"20%",
		"20%"
	],
	"r2": [
		"25%",
		"25%"
	],
	"r3": [
		"30%",
		"30%"
	],
	"r4": [
		"35%",
		"35%"
	],
	"r5": [
		"40%",
		"40%"
	],
	"weaponmaterialtype": "",
	"costs": {
		"ascend1": [
			{
				"name": "Mora",
				"count": 5000
			},
			{
				"name": "Tile of Decarabian's Tower",
				"count": 3
			},
			{
				"name": "Heavy Horn",
				"count": 3
			},
			{
				"name": "Treasure Hoarder Insignia",
				"count": 2
			}
		],
		"ascend2": [
			{
				"name": "Mora",
				"count": 15000
			},
			{
				"name": "Debris of Decarabian's City",
				"count": 3
			},
			{
				"name": "Heavy Horn",
				"count": 12
			},
			{
				"name": "Treasure Hoarder Insignia",
				"count": 8
			}
		],
		"ascend3": [
			{
				"name": "Mora",
				"count": 20000
			},
			{
				"name": "Debris of Decarabian's City",
				"count": 6
			},
			{
				"name": "Black Bronze Horn",
				"count": 6
			},
			{
				"name": "Silver Raven Insignia",
				"count": 6
			}
		],
		"ascend4": [
			{
				"name": "Mora",
				"count": 30000
			},
			{
				"name": "Fragment of Decarabian's Epic",
				"count": 3
			},
			{
				"name": "Black Bronze Horn",
				"count": 12
			},
			{
				"name": "Silver Raven Insignia",
				"count": 9
			}
		],
		"ascend5": [
			{
				"name": "Mora",
				"count": 35000
			},
			{
				"name": "Fragment of Decarabian's Epic",
				"count": 6
			},
			{
				"name": "Black Crystal Horn",
				"count": 9
			},
			{
				"name": "Golden Raven Insignia",
				"count": 6
			}
		],
		"ascend6": [
			{
				"name": "Mora",
				"count": 45000
			},
			{
				"name": "Scattered Piece of Decarabian's Dream",
				"count": 4
			},
			{
				"name": "Black Crystal Horn",
				"count": 18
			},
			{
				"name": "Golden Raven Insignia",
				"count": 12
			}
		]
	}
}