{
	"name": "Mouun's Moon",
	"description": "A lovely warbow made from seashells and coral. A mournful brilliance flows along its moonlight-colored arms.",
	"weapontype": "Bow",
	"rarity": "4",
	"baseatk": 44,
	"substat": "ATK",
	"subvalue": "6",
	"effectname": "Watatsumi Wavewalker",
	"effect": "For every point of the entire party's combined maximum Energy capacity, the Elemental Burst DMG of the character equipping this weapon is increased by {0}. A maximum of {1} increased Elemental Burst DMG can be achieved this way.",
	"r1": [
		"0.12%",
		"40%"
	],
	"r2": [
		"0.15%",
		"50%"
	],
	"r3": [
		"0.18%",
		"60%"
	],
	"r4": [
		"0.21%",
		"70%"
	],
	"r5": [
		"0.24%",
		"80%"
	],
	"weaponmaterialtype": "",
	"costs": {
		"ascend1": [
			{
				"name": "Mora",
				"count": 5000
			},
			{
				"name": "Narukami's Wisdom",
				"count": 3
			},
			{
				"name": "Dismal Prism",
				"count": 3
			},
			{
				"name": "Spectral Husk",
				"count": 2
			}
		],
		"ascend2": [
			{
				"name": "Mora",
				"count": 15000
			},
			{
				"name": "Narukami's Joy",
				"count": 3
			},
			{
				"name": "Dismal Prism",
				"count": 12
			},
			{
				"name": "Spectral Husk",
				"count": 8
			}
		],
		"ascend3": [
			{
				"name": "Mora",
				"count": 20000
			},
			{
				"name": "Narukami's Joy",
				"count": 6
			},
			{
				"name": "Crystal Prism",
				"count": 6
			},
			{
				"name": "Spectral Heart",
				"count": 6
			}
		],
		"ascend4": [
			{
				"name": "Mora",
				"count": 30000
			},
			{
				"name": "Narukami's Affection",
				"count": 3
			},
			{
				"name": "Crystal Prism",
				"count": 12
			},
			{
				"name": "Spectral Heart",
				"count": 9
			}
		],
		"ascend5": [
			{
				"name": "Mora",
				"count": 35000
			},
			{
				"name": "Narukami's Affection",
				"count": 6
			},
			{
				"name": "Polarizing Prism",
				"count": 9
			},
			{
				"name": "Spectral Nucleus",
				"count": 6
			}
		],
		"ascend6": [
			{
				"name": "Mora",
				"count": 45000
			},
			{
				"name": "Narukami's Valor",
				"count": 4
			},
			{
				"name": "Polarizing Prism",
				"count": 18
			},
			{
				"name": "Spectral Nucleus",
				"count": 12
			}
		]
	}
}