{
	"name": "Oathsworn Eye",
	"description": "A national treasure of Byakuyakoku stored in the Dainichi Mikoshi. With the coming of the Serpent God, this item was used to notarize great oaths and wishes.",
	"weapontype": "Catalyst",
	"rarity": "4",
	"baseatk": 44,
	"substat": "ATK",
	"subvalue": "6",
	"effectname": "People of the Faltering Light",
	"effect": "Increases Energy Recharge by {0} for 10s after using an Elemental Skill.",
	"r1": [
		"24%"
	],
	"r2": [
		"30%"
	],
	"r3": [
		"36%"
	],
	"r4": [
		"42%"
	],
	"r5": [
		"48%"
	],
	"weaponmaterialtype": "",
	"costs": {
		"ascend1": [
			{
				"name": "Mora",
				"count": 5000
			},
			{
				"name": "Coral Branch of a Distant Sea",
				"count": 3
			},
			{
				"name": "Concealed Claw",
				"count": 3
			},
			{
				"name": "Spectral Husk",
				"count": 2
			}
		],
		"ascend2": [
			{
				"name": "Mora",
				"count": 15000
			},
			{
				"name": "Jeweled Branch of a Distant Sea",
				"count": 3
			},
			{
				"name": "Concealed Claw",
				"count": 12
			},
			{
				"name": "Spectral Husk",
				"count": 8
			}
		],
		"ascend3": [
			{
				"name": "Mora",
				"count": 20000
			},
			{
				"name": "Jeweled Branch of a Distant Sea",
				"count": 6
			},
			{
				"name": "Concealed Unguis",
				"count": 6
			},
			{
				"name": "Spectral Heart",
				"count": 6
			}
		],
		"ascend4": [
			{
				"name": "Mora",
				"count": 30000
			},
			{
				"name": "Jade Branch of a Distant Sea",
				"count": 3
			},
			{
				"name": "Concealed Unguis",
				"count": 12
			},
			{
				"name": "Spectral Heart",
				"count": 9
			}
		],
		"ascend5": [
			{
				"name": "Mora",
				"count": 35000
			},
			{
				"name": "Jade Branch of a Distant Sea",
				"count": 6
			},
			{
				"name": "Concealed Talon",
				"count": 9
			},
			{
				"name": "Spectral Nucleus",
				"count": 6
			}
		],
		"ascend6": [
			{
				"name": "Mora",
				"count": 45000
			},
			{
				"name": "Golden Branch of a Distant Sea",
				"count": 4
			},
			{
				"name": "Concealed Talon",
				"count": 18
			},
			{
				"name": "Spectral Nucleus",
				"count": 12
			}
		]
	}
}