{
	"name": "Otherworldly Story",
	"description": "A cheap fantasy novel with no value whatsoever. Any claim that it possesses the power of catalysis is also pure fantasy.",
	"weapontype": "Catalyst",
	"rarity": "3",
	"baseatk": 39,
	"substat": "Energy Recharge",
	"subvalue": "8.5",
	"effectname": "Energy Shower",
	"effect": "Each Elemental Orb or Particle collected restores {0} HP.",
	"r1": [
		"1%"
	],
	"r2": [
		"1.25%"
	],
	"r3": [
		"1.5%"
	],
	"r4": [
		"1.75%"
	],
	"r5": [
		"2%"
	],
	"weaponmaterialtype": "Dandelion Gladiator",
	"costs": {
		"ascend1": [
			{
				"name": "Mora",
				"count": 5000
			},
			{
				"name": "Fetters of the Dandelion Gladiator",
				"count": 2
			},
			{
				"name": "Chaos Device",
				"count": 2
			},
			{
				"name": "Damaged Mask",
				"count": 1
			}
		],
		"ascend2": [
			{
				"name": "Mora",
				"count": 10000
			},
			{
				"name": "Chains of the Dandelion Gladiator",
				"count": 2
			},
			{
				"name": "Chaos Device",
				"count": 8
			},
			{
				"name": "Damaged Mask",
				"count": 5
			}
		],
		"ascend3": [
			{
				"name": "Mora",
				"count": 15000
			},
			{
				"name": "Chains of the Dandelion Gladiator",
				"count": 4
			},
			{
				"name": "Chaos Circuit",
				"count": 4
			},
			{
				"name": "Stained Mask",
				"count": 4
			}
		],
		"ascend4": [
			{
				"name": "Mora",
				"count": 20000
			},
			{
				"name": "Shackles of the Dandelion Gladiator",
				"count": 2
			},
			{
				"name": "Chaos Circuit",
				"count": 8
			},
			{
				"name": "Stained Mask",
				"count": 6
			}
		],
		"ascend5": [
			{
				"name": "Mora",
				"count": 25000
			},
			{
				"name": "Shackles of the Dandelion Gladiator",
				"count": 4
			},
			{
				"name": "Chaos Core",
				"count": 6
			},
			{
				"name": "Ominous Mask",
				"count": 4
			}
		],
		"ascend6": [
			{
				"name": "Mora",
				"count": 30000
			},
			{
				"name": "Dream of the Dandelion Gladiator",
				"count": 3
			},
			{
				"name": "Chaos Core",
				"count": 12
			},
			{
				"name": "Ominous Mask",
				"count": 8
			}
		]
	}
}