{
	"name": "Polar Star",
	"description": "A pristine bow that is as sharp as the glaciers of the far north.",
	"weapontype": "Bow",
	"rarity": "5",
	"baseatk": 46,
	"substat": "CRIT Rate",
	"subvalue": "7.2",
	"effectname": "Daylight's Augury",
	"effect": "Elemental Skill and Elemental Burst DMG increased by {0}. After a Normal Attack, Charged Attack, Elemental Skill or Elemental Burst hits an opponent, 1 stack of Ashen Nightstar will be gained for 12s. When 1/2/3/4 stacks of Ashen Nightstar are present, ATK is increased by {1}. The stack of Ashen Nightstar created by the Normal Attack, Charged Attack, Elemental Skill or Elemental Burst will be counted independently of the others.",
	"r1": [
		"12%",
		"10/20/30/48%"
	],
	"r2": [
		"15%",
		"12.5/25/37.5/60%"
	],
	"r3": [
		"18%",
		"15/30/45/72%"
	],
	"r4": [
		"21%",
		"17.5/35/52.5/84%"
	],
	"r5": [
		"24%",
		"20/40/60/96%"
	],
	"weaponmaterialtype": "",
	"costs": {
		"ascend1": [
			{
				"name": "Mora",
				"count": 10000
			},
			{
				"name": "Mask of the Wicked Lieutenant",
				"count": 5
			},
			{
				"name": "Concealed Claw",
				"count": 5
			},
			{
				"name": "Spectral Husk",
				"count": 3
			}
		],
		"ascend2": [
			{
				"name": "Mora",
				"count": 20000
			},
			{
				"name": "Mask of the Tiger's Bite",
				"count": 5
			},
			{
				"name": "Concealed Claw",
				"count": 18
			},
			{
				"name": "Spectral Husk",
				"count": 12
			}
		],
		"ascend3": [
			{
				"name": "Mora",
				"count": 30000
			},
			{
				"name": "Mask of the Tiger's Bite",
				"count": 9
			},
			{
				"name": "Concealed Unguis",
				"count": 9
			},
			{
				"name": "Spectral Heart",
				"count": 9
			}
		],
		"ascend4": [
			{
				"name": "Mora",
				"count": 45000
			},
			{
				"name": "Mask of the One-Horned",
				"count": 5
			},
			{
				"name": "Concealed Unguis",
				"count": 18
			},
			{
				"name": "Spectral Heart",
				"count": 14
			}
		],
		"ascend5": [
			{
				"name": "Mora",
				"count": 55000
			},
			{
				"name": "Mask of the One-Horned",
				"count": 9
			},
			{
				"name": "Concealed Talon",
				"count": 14
			},
			{
				"name": "Spectral Nucleus",
				"count": 9
			}
		],
		"ascend6": [
			{
				"name": "Mora",
				"count": 65000
			},
			{
				"name": "Mask of the Kijin",
				"count": 6
			},
			{
				"name": "Concealed Talon",
				"count": 27
			},
			{
				"name": "Spectral Nucleus",
				"count": 18
			}
		]
	}
}