{
	"name": "Predator",
	"description": "A uniquely-designed bow. This should not belong in this world.",
	"weapontype": "Bow",
	"rarity": "4",
	"baseatk": 42,
	"substat": "ATK",
	"subvalue": "9",
	"effectname": "Strong Strike",
	"effect": "Effective only on the following platform: \n\"PlayStation Network\"\nDealing Cryo DMG to opponents increases this character's Normal and Charged Attack DMG by 10% for 6s. This effect can have a maximum of 2 stacks. Additionally, when Aloy equips Predator, ATK is increased by 66.",
	"r1": [],
	"r2": [],
	"r3": [],
	"r4": [],
	"r5": [],
	"weaponmaterialtype": "",
	"costs": {
		"ascend1": [
			{
				"name": "Mora",
				"count": 5000
			},
			{
				"name": "Narukami's Wisdom",
				"count": 3
			},
			{
				"name": "Dismal Prism",
				"count": 3
			},
			{
				"name": "Firm Arrowhead",
				"count": 2
			}
		],
		"ascend2": [
			{
				"name": "Mora",
				"count": 15000
			},
			{
				"name": "Narukami's Joy",
				"count": 3
			},
			{
				"name": "Dismal Prism",
				"count": 12
			},
			{
				"name": "Firm Arrowhead",
				"count": 8
			}
		],
		"ascend3": [
			{
				"name": "Mora",
				"count": 20000
			},
			{
				"name": "Narukami's Joy",
				"count": 6
			},
			{
				"name": "Crystal Prism",
				"count": 6
			},
			{
				"name": "Sharp Arrowhead",
				"count": 6
			}
		],
		"ascend4": [
			{
				"name": "Mora",
				"count": 30000
			},
			{
				"name": "Narukami's Affection",
				"count": 3
			},
			{
				"name": "Crystal Prism",
				"count": 12
			},
			{
				"name": "Sharp Arrowhead",
				"count": 9
			}
		],
		"ascend5": [
			{
				"name": "Mora",
				"count": 35000
			},
			{
				"name": "Narukami's Affection",
				"count": 6
			},
			{
				"name": "Polarizing Prism",
				"count": 9
			},
			{
				"name": "Weathered Arrowhead",
				"count": 6
			}
		],
		"ascend6": [
			{
				"name": "Mora",
				"count": 45000
			},
			{
				"name": "Narukami's Valor",
				"count": 4
			},
			{
				"name": "Polarizing Prism",
				"count": 18
			},
			{
				"name": "Weathered Arrowhead",
				"count": 12
			}
		]
	}
}