{
	"name": "Primordial Jade Winged-Spear",
	"description": "A jade polearm made by the archons, capable of slaying ancient beasts.",
	"weapontype": "Polearm",
	"rarity": "5",
	"baseatk": 48,
	"substat": "CRIT Rate",
	"subvalue": "4.8",
	"effectname": "Eagle Spear of Justice",
	"effect": "On hit, increases ATK by {0} for 6s. Max 7 stacks. This effect can only occur once every 0.3s. While in possession of the maximum possible stacks, DMG dealt is increased by {1}.",
	"r1": [
		"3.2%",
		"12%"
	],
	"r2": [
		"3.9%",
		"15%"
	],
	"r3": [
		"4.6%",
		"18%"
	],
	"r4": [
		"5.3%",
		"21%"
	],
	"r5": [
		"6%",
		"24%"
	],
	"weaponmaterialtype": "Guyun",
	"costs": {
		"ascend1": [
			{
				"name": "Mora",
				"count": 10000
			},
			{
				"name": "Luminous Sands from Guyun",
				"count": 5
			},
			{
				"name": "Hunter's Sacrificial Knife",
				"count": 5
			},
			{
				"name": "Recruit's Insignia",
				"count": 3
			}
		],
		"ascend2": [
			{
				"name": "Mora",
				"count": 20000
			},
			{
				"name": "Lustrous Stone from Guyun",
				"count": 5
			},
			{
				"name": "Hunter's Sacrificial Knife",
				"count": 18
			},
			{
				"name": "Recruit's Insignia",
				"count": 12
			}
		],
		"ascend3": [
			{
				"name": "Mora",
				"count": 30000
			},
			{
				"name": "Lustrous Stone from Guyun",
				"count": 9
			},
			{
				"name": "Agent's Sacrificial Knife",
				"count": 9
			},
			{
				"name": "Sergeant's Insignia",
				"count": 9
			}
		],
		"ascend4": [
			{
				"name": "Mora",
				"count": 45000
			},
			{
				"name": "Relic from Guyun",
				"count": 5
			},
			{
				"name": "Agent's Sacrificial Knife",
				"count": 18
			},
			{
				"name": "Sergeant's Insignia",
				"count": 14
			}
		],
		"ascend5": [
			{
				"name": "Mora",
				"count": 55000
			},
			{
				"name": "Relic from Guyun",
				"count": 9
			},
			{
				"name": "Inspector's Sacrificial Knife",
				"count": 14
			},
			{
				"name": "Lieutenant's Insignia",
				"count": 9
			}
		],
		"ascend6": [
			{
				"name": "Mora",
				"count": 65000
			},
			{
				"name": "Divine Body from Guyun",
				"count": 6
			},
			{
				"name": "Inspector's Sacrificial Knife",
				"count": 27
			},
			{
				"name": "Lieutenant's Insignia",
				"count": 18
			}
		]
	}
}