{
	"name": "Primordial Jade Cutter",
	"description": "A ceremonial sword masterfully carved from pure jade. There almost seems to be an audible sigh in the wind as it is swung.",
	"weapontype": "Sword",
	"rarity": "5",
	"baseatk": 44,
	"substat": "CRIT Rate",
	"subvalue": "9.6",
	"effectname": "Protector's Virtue",
	"effect": "HP increased by {0}. Additionally, provides an ATK Bonus based on {1} of the wielder's Max HP.",
	"r1": [
		"20%",
		"1.2%"
	],
	"r2": [
		"25%",
		"1.5%"
	],
	"r3": [
		"30%",
		"1.8%"
	],
	"r4": [
		"35%",
		"2.1%"
	],
	"r5": [
		"40%",
		"2.4%"
	],
	"weaponmaterialtype": "Mist Veiled Elixir",
	"costs": {
		"ascend1": [
			{
				"name": "Mora",
				"count": 10000
			},
			{
				"name": "Mist Veiled Lead Elixir",
				"count": 5
			},
			{
				"name": "Mist Grass Pollen",
				"count": 5
			},
			{
				"name": "Treasure Hoarder Insignia",
				"count": 3
			}
		],
		"ascend2": [
			{
				"name": "Mora",
				"count": 20000
			},
			{
				"name": "Mist Veiled Mercury Elixir",
				"count": 5
			},
			{
				"name": "Mist Grass Pollen",
				"count": 18
			},
			{
				"name": "Treasure Hoarder Insignia",
				"count": 12
			}
		],
		"ascend3": [
			{
				"name": "Mora",
				"count": 30000
			},
			{
				"name": "Mist Veiled Mercury Elixir",
				"count": 9
			},
			{
				"name": "Mist Grass",
				"count": 9
			},
			{
				"name": "Silver Raven Insignia",
				"count": 9
			}
		],
		"ascend4": [
			{
				"name": "Mora",
				"count": 45000
			},
			{
				"name": "Mist Veiled Gold Elixir",
				"count": 5
			},
			{
				"name": "Mist Grass",
				"count": 18
			},
			{
				"name": "Silver Raven Insignia",
				"count": 14
			}
		],
		"ascend5": [
			{
				"name": "Mora",
				"count": 55000
			},
			{
				"name": "Mist Veiled Gold Elixir",
				"count": 9
			},
			{
				"name": "Mist Grass Wick",
				"count": 14
			},
			{
				"name": "Golden Raven Insignia",
				"count": 9
			}
		],
		"ascend6": [
			{
				"name": "Mora",
				"count": 65000
			},
			{
				"name": "Mist Veiled Primo Elixir",
				"count": 6
			},
			{
				"name": "Mist Grass Wick",
				"count": 27
			},
			{
				"name": "Golden Raven Insignia",
				"count": 18
			}
		]
	}
}