{
	"name": "Prototype Starglitter",
	"description": "A hooked spear discovered hidden away in the Blackcliff Forge. The glimmers along the sharp edge are like stars in the night.",
	"weapontype": "Polearm",
	"rarity": "4",
	"baseatk": 42,
	"substat": "Energy Recharge",
	"subvalue": "10",
	"effectname": "Magic Affinity",
	"effect": "After using an Elemental Skill, increases Normal and Charged Attack DMG by {0} for 12s. Max 2 stacks.",
	"r1": [
		"8%"
	],
	"r2": [
		"10%"
	],
	"r3": [
		"12%"
	],
	"r4": [
		"14%"
	],
	"r5": [
		"16%"
	],
	"weaponmaterialtype": "Aerosiderite",
	"costs": {
		"ascend1": [
			{
				"name": "Mora",
				"count": 5000
			},
			{
				"name": "Grain of Aerosiderite",
				"count": 3
			},
			{
				"name": "Fragile Bone Shard",
				"count": 3
			},
			{
				"name": "Damaged Mask",
				"count": 2
			}
		],
		"ascend2": [
			{
				"name": "Mora",
				"count": 15000
			},
			{
				"name": "Piece of Aerosiderite",
				"count": 3
			},
			{
				"name": "Fragile Bone Shard",
				"count": 12
			},
			{
				"name": "Damaged Mask",
				"count": 8
			}
		],
		"ascend3": [
			{
				"name": "Mora",
				"count": 20000
			},
			{
				"name": "Piece of Aerosiderite",
				"count": 6
			},
			{
				"name": "Sturdy Bone Shard",
				"count": 6
			},
			{
				"name": "Stained Mask",
				"count": 6
			}
		],
		"ascend4": [
			{
				"name": "Mora",
				"count": 30000
			},
			{
				"name": "Bit of Aerosiderite",
				"count": 3
			},
			{
				"name": "Sturdy Bone Shard",
				"count": 12
			},
			{
				"name": "Stained Mask",
				"count": 9
			}
		],
		"ascend5": [
			{
				"name": "Mora",
				"count": 35000
			},
			{
				"name": "Bit of Aerosiderite",
				"count": 6
			},
			{
				"name": "Fossilized Bone Shard",
				"count": 9
			},
			{
				"name": "Ominous Mask",
				"count": 6
			}
		],
		"ascend6": [
			{
				"name": "Mora",
				"count": 45000
			},
			{
				"name": "Chunk of Aerosiderite",
				"count": 4
			},
			{
				"name": "Fossilized Bone Shard",
				"count": 18
			},
			{
				"name": "Ominous Mask",
				"count": 12
			}
		]
	}
}