{
	"name": "Prototype Amber",
	"description": "A dully gilded catalyst secretly guarded in the Blackcliff Forge. It seems to glow with the very light from the sky.",
	"weapontype": "Catalyst",
	"rarity": "4",
	"baseatk": 42,
	"substat": "HP",
	"subvalue": "9",
	"effectname": "Gilding",
	"effect": "Using an Elemental Burst regenerates {0} Energy every 2s for 6s. All party members will regenerate {1} HP every 2s for this duration.",
	"r1": [
		"4",
		"4%"
	],
	"r2": [
		"4.5",
		"4.5%"
	],
	"r3": [
		"5",
		"5%"
	],
	"r4": [
		"5.5",
		"5.5%"
	],
	"r5": [
		"6",
		"6%"
	],
	"weaponmaterialtype": "Mist Veiled Elixir",
	"costs": {
		"ascend1": [
			{
				"name": "Mora",
				"count": 5000
			},
			{
				"name": "Mist Veiled Lead Elixir",
				"count": 3
			},
			{
				"name": "Mist Grass Pollen",
				"count": 3
			},
			{
				"name": "Firm Arrowhead",
				"count": 2
			}
		],
		"ascend2": [
			{
				"name": "Mora",
				"count": 15000
			},
			{
				"name": "Mist Veiled Mercury Elixir",
				"count": 3
			},
			{
				"name": "Mist Grass Pollen",
				"count": 12
			},
			{
				"name": "Firm Arrowhead",
				"count": 8
			}
		],
		"ascend3": [
			{
				"name": "Mora",
				"count": 20000
			},
			{
				"name": "Mist Veiled Mercury Elixir",
				"count": 6
			},
			{
				"name": "Mist Grass",
				"count": 6
			},
			{
				"name": "Sharp Arrowhead",
				"count": 6
			}
		],
		"ascend4": [
			{
				"name": "Mora",
				"count": 30000
			},
			{
				"name": "Mist Veiled Gold Elixir",
				"count": 3
			},
			{
				"name": "Mist Grass",
				"count": 12
			},
			{
				"name": "Sharp Arrowhead",
				"count": 9
			}
		],
		"ascend5": [
			{
				"name": "Mora",
				"count": 35000
			},
			{
				"name": "Mist Veiled Gold Elixir",
				"count": 6
			},
			{
				"name": "Mist Grass Wick",
				"count": 9
			},
			{
				"name": "Weathered Arrowhead",
				"count": 6
			}
		],
		"ascend6": [
			{
				"name": "Mora",
				"count": 45000
			},
			{
				"name": "Mist Veiled Primo Elixir",
				"count": 4
			},
			{
				"name": "Mist Grass Wick",
				"count": 18
			},
			{
				"name": "Weathered Arrowhead",
				"count": 12
			}
		]
	}
}