{
	"name": "Prototype Rancour",
	"description": "An ancient longsword discovered in the Blackcliff Forge that cuts through rocks like a hot knife through butter.",
	"weapontype": "Sword",
	"rarity": "4",
	"baseatk": 44,
	"substat": "Physical DMG Bonus",
	"subvalue": "7.5",
	"effectname": "Smashed Stone",
	"effect": "On hit, Normal or Charged Attacks increase ATK and DEF by {0} for 6s. Max 4 stacks. This effect can only occur once every 0.3s.",
	"r1": [
		"4%"
	],
	"r2": [
		"5%"
	],
	"r3": [
		"6%"
	],
	"r4": [
		"7%"
	],
	"r5": [
		"8%"
	],
	"weaponmaterialtype": "Mist Veiled Elixir",
	"costs": {
		"ascend1": [
			{
				"name": "Mora",
				"count": 5000
			},
			{
				"name": "Mist Veiled Lead Elixir",
				"count": 3
			},
			{
				"name": "Mist Grass Pollen",
				"count": 3
			},
			{
				"name": "Recruit's Insignia",
				"count": 2
			}
		],
		"ascend2": [
			{
				"name": "Mora",
				"count": 15000
			},
			{
				"name": "Mist Veiled Mercury Elixir",
				"count": 3
			},
			{
				"name": "Mist Grass Pollen",
				"count": 12
			},
			{
				"name": "Recruit's Insignia",
				"count": 8
			}
		],
		"ascend3": [
			{
				"name": "Mora",
				"count": 20000
			},
			{
				"name": "Mist Veiled Mercury Elixir",
				"count": 6
			},
			{
				"name": "Mist Grass",
				"count": 6
			},
			{
				"name": "Sergeant's Insignia",
				"count": 6
			}
		],
		"ascend4": [
			{
				"name": "Mora",
				"count": 30000
			},
			{
				"name": "Mist Veiled Gold Elixir",
				"count": 3
			},
			{
				"name": "Mist Grass",
				"count": 12
			},
			{
				"name": "Sergeant's Insignia",
				"count": 9
			}
		],
		"ascend5": [
			{
				"name": "Mora",
				"count": 35000
			},
			{
				"name": "Mist Veiled Gold Elixir",
				"count": 6
			},
			{
				"name": "Mist Grass Wick",
				"count": 9
			},
			{
				"name": "Lieutenant's Insignia",
				"count": 6
			}
		],
		"ascend6": [
			{
				"name": "Mora",
				"count": 45000
			},
			{
				"name": "Mist Veiled Primo Elixir",
				"count": 4
			},
			{
				"name": "Mist Grass Wick",
				"count": 18
			},
			{
				"name": "Lieutenant's Insignia",
				"count": 12
			}
		]
	}
}