{
	"name": "Redhorn Stonethresher",
	"description": "According to its previous owner, this weapon is the \"Mighty Redhorn Stoic Stonethreshing Gilded Goldcrushing Lion Lord\" that can send any monster packing with its tail between its legs.",
	"weapontype": "Claymore",
	"rarity": "5",
	"baseatk": 44,
	"substat": "CRIT DMG",
	"subvalue": "19.2",
	"effectname": "Gokadaiou Otogibanashi",
	"effect": "DEF is increased by {0}. Normal and Charged Attack DMG is increased by {1} of DEF.",
	"r1": [
		"28%",
		"40%"
	],
	"r2": [
		"35%",
		"50%"
	],
	"r3": [
		"42%",
		"60%"
	],
	"r4": [
		"49%",
		"70%"
	],
	"r5": [
		"56%",
		"80%"
	],
	"weaponmaterialtype": "",
	"costs": {
		"ascend1": [
			{
				"name": "Mora",
				"count": 10000
			},
			{
				"name": "Narukami's Wisdom",
				"count": 5
			},
			{
				"name": "Concealed Claw",
				"count": 5
			},
			{
				"name": "Old Handguard",
				"count": 3
			}
		],
		"ascend2": [
			{
				"name": "Mora",
				"count": 20000
			},
			{
				"name": "Narukami's Joy",
				"count": 5
			},
			{
				"name": "Concealed Claw",
				"count": 18
			},
			{
				"name": "Old Handguard",
				"count": 12
			}
		],
		"ascend3": [
			{
				"name": "Mora",
				"count": 30000
			},
			{
				"name": "Narukami's Joy",
				"count": 9
			},
			{
				"name": "Concealed Unguis",
				"count": 9
			},
			{
				"name": "Kageuchi Handguard",
				"count": 9
			}
		],
		"ascend4": [
			{
				"name": "Mora",
				"count": 45000
			},
			{
				"name": "Narukami's Affection",
				"count": 5
			},
			{
				"name": "Concealed Unguis",
				"count": 18
			},
			{
				"name": "Kageuchi Handguard",
				"count": 14
			}
		],
		"ascend5": [
			{
				"name": "Mora",
				"count": 55000
			},
			{
				"name": "Narukami's Affection",
				"count": 9
			},
			{
				"name": "Concealed Talon",
				"count": 14
			},
			{
				"name": "Famed Handguard",
				"count": 9
			}
		],
		"ascend6": [
			{
				"name": "Mora",
				"count": 65000
			},
			{
				"name": "Narukami's Valor",
				"count": 6
			},
			{
				"name": "Concealed Talon",
				"count": 27
			},
			{
				"name": "Famed Handguard",
				"count": 18
			}
		]
	}
}