{
	"name": "Royal Bow",
	"description": "An old longbow that belonged to the erstwhile aristocratic rulers of Mondstadt. Countless generations later, the bowstring is still tight and can still fire arrows with great force.",
	"weapontype": "Bow",
	"rarity": "4",
	"baseatk": 42,
	"substat": "ATK",
	"subvalue": "9",
	"effectname": "Focus",
	"effect": "Upon damaging an opponent, increases CRIT Rate by {0}. Max 5 stacks. A CRIT Hit removes all stacks.",
	"r1": [
		"8%"
	],
	"r2": [
		"10%"
	],
	"r3": [
		"12%"
	],
	"r4": [
		"14%"
	],
	"r5": [
		"16%"
	],
	"weaponmaterialtype": "Dandelion Gladiator",
	"costs": {
		"ascend1": [
			{
				"name": "Mora",
				"count": 5000
			},
			{
				"name": "Fetters of the Dandelion Gladiator",
				"count": 3
			},
			{
				"name": "Chaos Device",
				"count": 3
			},
			{
				"name": "Divining Scroll",
				"count": 2
			}
		],
		"ascend2": [
			{
				"name": "Mora",
				"count": 15000
			},
			{
				"name": "Chains of the Dandelion Gladiator",
				"count": 3
			},
			{
				"name": "Chaos Device",
				"count": 12
			},
			{
				"name": "Divining Scroll",
				"count": 8
			}
		],
		"ascend3": [
			{
				"name": "Mora",
				"count": 20000
			},
			{
				"name": "Chains of the Dandelion Gladiator",
				"count": 6
			},
			{
				"name": "Chaos Circuit",
				"count": 6
			},
			{
				"name": "Sealed Scroll",
				"count": 6
			}
		],
		"ascend4": [
			{
				"name": "Mora",
				"count": 30000
			},
			{
				"name": "Shackles of the Dandelion Gladiator",
				"count": 3
			},
			{
				"name": "Chaos Circuit",
				"count": 12
			},
			{
				"name": "Sealed Scroll",
				"count": 9
			}
		],
		"ascend5": [
			{
				"name": "Mora",
				"count": 35000
			},
			{
				"name": "Shackles of the Dandelion Gladiator",
				"count": 6
			},
			{
				"name": "Chaos Core",
				"count": 9
			},
			{
				"name": "Forbidden Curse Scroll",
				"count": 6
			}
		],
		"ascend6": [
			{
				"name": "Mora",
				"count": 45000
			},
			{
				"name": "Dream of the Dandelion Gladiator",
				"count": 4
			},
			{
				"name": "Chaos Core",
				"count": 18
			},
			{
				"name": "Forbidden Curse Scroll",
				"count": 12
			}
		]
	}
}