{
	"name": "Royal Spear",
	"description": "This polearm was once cherished by a member of the old nobility that governed Mondstadt long ago. Although it has never seen the light of day, it is still incomparably sharp.",
	"weapontype": "Polearm",
	"rarity": "4",
	"baseatk": 44,
	"substat": "ATK",
	"subvalue": "6",
	"effectname": "Focus",
	"effect": "Upon damaging an opponent, increases CRIT Rate by {0}. Max 5 stacks. A CRIT Hit removes all stacks.",
	"r1": [
		"8%"
	],
	"r2": [
		"10%"
	],
	"r3": [
		"12%"
	],
	"r4": [
		"14%"
	],
	"r5": [
		"16%"
	],
	"weaponmaterialtype": "Mist Veiled Elixir",
	"costs": {
		"ascend1": [
			{
				"name": "Mora",
				"count": 5000
			},
			{
				"name": "Mist Veiled Lead Elixir",
				"count": 3
			},
			{
				"name": "Mist Grass Pollen",
				"count": 3
			},
			{
				"name": "Recruit's Insignia",
				"count": 2
			}
		],
		"ascend2": [
			{
				"name": "Mora",
				"count": 15000
			},
			{
				"name": "Mist Veiled Mercury Elixir",
				"count": 3
			},
			{
				"name": "Mist Grass Pollen",
				"count": 12
			},
			{
				"name": "Recruit's Insignia",
				"count": 8
			}
		],
		"ascend3": [
			{
				"name": "Mora",
				"count": 20000
			},
			{
				"name": "Mist Veiled Mercury Elixir",
				"count": 6
			},
			{
				"name": "Mist Grass",
				"count": 6
			},
			{
				"name": "Sergeant's Insignia",
				"count": 6
			}
		],
		"ascend4": [
			{
				"name": "Mora",
				"count": 30000
			},
			{
				"name": "Mist Veiled Gold Elixir",
				"count": 3
			},
			{
				"name": "Mist Grass",
				"count": 12
			},
			{
				"name": "Sergeant's Insignia",
				"count": 9
			}
		],
		"ascend5": [
			{
				"name": "Mora",
				"count": 35000
			},
			{
				"name": "Mist Veiled Gold Elixir",
				"count": 6
			},
			{
				"name": "Mist Grass Wick",
				"count": 9
			},
			{
				"name": "Lieutenant's Insignia",
				"count": 6
			}
		],
		"ascend6": [
			{
				"name": "Mora",
				"count": 45000
			},
			{
				"name": "Mist Veiled Primo Elixir",
				"count": 4
			},
			{
				"name": "Mist Grass Wick",
				"count": 18
			},
			{
				"name": "Lieutenant's Insignia",
				"count": 12
			}
		]
	}
}