{
	"name": "Rust",
	"description": "A completely rusted iron greatbow. The average person would lack the strength to even lift it, let alone fire it.",
	"weapontype": "Bow",
	"rarity": "4",
	"baseatk": 42,
	"substat": "ATK",
	"subvalue": "9",
	"effectname": "Rapid Firing",
	"effect": "Increases Normal Attack DMG by {0} but decreases Charged Attack DMG by 10%.",
	"r1": [
		"40%"
	],
	"r2": [
		"50%"
	],
	"r3": [
		"60%"
	],
	"r4": [
		"70%"
	],
	"r5": [
		"80%"
	],
	"weaponmaterialtype": "Guyun",
	"costs": {
		"ascend1": [
			{
				"name": "Mora",
				"count": 5000
			},
			{
				"name": "Luminous Sands from Guyun",
				"count": 3
			},
			{
				"name": "Hunter's Sacrificial Knife",
				"count": 3
			},
			{
				"name": "Damaged Mask",
				"count": 2
			}
		],
		"ascend2": [
			{
				"name": "Mora",
				"count": 15000
			},
			{
				"name": "Lustrous Stone from Guyun",
				"count": 3
			},
			{
				"name": "Hunter's Sacrificial Knife",
				"count": 12
			},
			{
				"name": "Damaged Mask",
				"count": 8
			}
		],
		"ascend3": [
			{
				"name": "Mora",
				"count": 20000
			},
			{
				"name": "Lustrous Stone from Guyun",
				"count": 6
			},
			{
				"name": "Agent's Sacrificial Knife",
				"count": 6
			},
			{
				"name": "Stained Mask",
				"count": 6
			}
		],
		"ascend4": [
			{
				"name": "Mora",
				"count": 30000
			},
			{
				"name": "Relic from Guyun",
				"count": 3
			},
			{
				"name": "Agent's Sacrificial Knife",
				"count": 12
			},
			{
				"name": "Stained Mask",
				"count": 9
			}
		],
		"ascend5": [
			{
				"name": "Mora",
				"count": 35000
			},
			{
				"name": "Relic from Guyun",
				"count": 6
			},
			{
				"name": "Inspector's Sacrificial Knife",
				"count": 9
			},
			{
				"name": "Ominous Mask",
				"count": 6
			}
		],
		"ascend6": [
			{
				"name": "Mora",
				"count": 45000
			},
			{
				"name": "Divine Body from Guyun",
				"count": 4
			},
			{
				"name": "Inspector's Sacrificial Knife",
				"count": 18
			},
			{
				"name": "Ominous Mask",
				"count": 12
			}
		]
	}
}