{
	"name": "Sacrificial Sword",
	"description": "A ceremonial sword that has become petrified over time. The trinkets on it are still visible. It grants the wielder the power to withstand the winds of time.",
	"weapontype": "Sword",
	"rarity": "4",
	"baseatk": 41,
	"substat": "Energy Recharge",
	"subvalue": "13.3",
	"effectname": "Composed",
	"effect": "After damaging an opponent with an Elemental Skill, the skill has a {0} chance to end its own CD. Can only occur once every {1}.",
	"r1": [
		"40%",
		"30s"
	],
	"r2": [
		"50%",
		"26s"
	],
	"r3": [
		"60%",
		"22s"
	],
	"r4": [
		"70%",
		"19s"
	],
	"r5": [
		"80%",
		"16s"
	],
	"weaponmaterialtype": "Dandelion Gladiator",
	"costs": {
		"ascend1": [
			{
				"name": "Mora",
				"count": 5000
			},
			{
				"name": "Fetters of the Dandelion Gladiator",
				"count": 3
			},
			{
				"name": "Chaos Device",
				"count": 3
			},
			{
				"name": "Divining Scroll",
				"count": 2
			}
		],
		"ascend2": [
			{
				"name": "Mora",
				"count": 15000
			},
			{
				"name": "Chains of the Dandelion Gladiator",
				"count": 3
			},
			{
				"name": "Chaos Device",
				"count": 12
			},
			{
				"name": "Divining Scroll",
				"count": 8
			}
		],
		"ascend3": [
			{
				"name": "Mora",
				"count": 20000
			},
			{
				"name": "Chains of the Dandelion Gladiator",
				"count": 6
			},
			{
				"name": "Chaos Circuit",
				"count": 6
			},
			{
				"name": "Sealed Scroll",
				"count": 6
			}
		],
		"ascend4": [
			{
				"name": "Mora",
				"count": 30000
			},
			{
				"name": "Shackles of the Dandelion Gladiator",
				"count": 3
			},
			{
				"name": "Chaos Circuit",
				"count": 12
			},
			{
				"name": "Sealed Scroll",
				"count": 9
			}
		],
		"ascend5": [
			{
				"name": "Mora",
				"count": 35000
			},
			{
				"name": "Shackles of the Dandelion Gladiator",
				"count": 6
			},
			{
				"name": "Chaos Core",
				"count": 9
			},
			{
				"name": "Forbidden Curse Scroll",
				"count": 6
			}
		],
		"ascend6": [
			{
				"name": "Mora",
				"count": 45000
			},
			{
				"name": "Dream of the Dandelion Gladiator",
				"count": 4
			},
			{
				"name": "Chaos Core",
				"count": 18
			},
			{
				"name": "Forbidden Curse Scroll",
				"count": 12
			}
		]
	}
}