{
	"name": "Silver Sword",
	"description": "A sword for exorcising demons. Everyone knows it's made of a silver alloy, not pure silver.",
	"weapontype": "Sword",
	"rarity": "2",
	"baseatk": 33,
	"substat": "",
	"subvalue": "",
	"effectname": "",
	"effect": "",
	"r1": [],
	"r2": [],
	"r3": [],
	"r4": [],
	"r5": [],
	"weaponmaterialtype": "Decarabian",
	"costs": {
		"ascend1": [
			{
				"name": "Mora",
				"count": 5000
			},
			{
				"name": "Tile of Decarabian's Tower",
				"count": 1
			},
			{
				"name": "Heavy Horn",
				"count": 1
			},
			{
				"name": "Firm Arrowhead",
				"count": 1
			}
		],
		"ascend2": [
			{
				"name": "Mora",
				"count": 5000
			},
			{
				"name": "Debris of Decarabian's City",
				"count": 1
			},
			{
				"name": "Heavy Horn",
				"count": 5
			},
			{
				"name": "Firm Arrowhead",
				"count": 4
			}
		],
		"ascend3": [
			{
				"name": "Mora",
				"count": 10000
			},
			{
				"name": "Debris of Decarabian's City",
				"count": 3
			},
			{
				"name": "Black Bronze Horn",
				"count": 3
			},
			{
				"name": "Sharp Arrowhead",
				"count": 3
			}
		],
		"ascend4": [
			{
				"name": "Mora",
				"count": 15000
			},
			{
				"name": "Fragment of Decarabian's Epic",
				"count": 1
			},
			{
				"name": "Black Bronze Horn",
				"count": 5
			},
			{
				"name": "Sharp Arrowhead",
				"count": 4
			}
		]
	}
}