{
	"name": "Skyrider Greatsword",
	"description": "A reliable steel sword. The legendary Skyrider once tried to ride it as a flying sword... for the second time.",
	"weapontype": "Claymore",
	"rarity": "3",
	"baseatk": 39,
	"substat": "Physical DMG Bonus",
	"subvalue": "9.6",
	"effectname": "Courage",
	"effect": "On hit, Normal or Charged Attacks increase ATK by {0} for 6s. Max 4 stacks. Can occur once every 0.5s.",
	"r1": [
		"6%"
	],
	"r2": [
		"7%"
	],
	"r3": [
		"8%"
	],
	"r4": [
		"9%"
	],
	"r5": [
		"10%"
	],
	"weaponmaterialtype": "Aerosiderite",
	"costs": {
		"ascend1": [
			{
				"name": "Mora",
				"count": 5000
			},
			{
				"name": "Grain of Aerosiderite",
				"count": 2
			},
			{
				"name": "Fragile Bone Shard",
				"count": 2
			},
			{
				"name": "Treasure Hoarder Insignia",
				"count": 1
			}
		],
		"ascend2": [
			{
				"name": "Mora",
				"count": 10000
			},
			{
				"name": "Piece of Aerosiderite",
				"count": 2
			},
			{
				"name": "Fragile Bone Shard",
				"count": 8
			},
			{
				"name": "Treasure Hoarder Insignia",
				"count": 5
			}
		],
		"ascend3": [
			{
				"name": "Mora",
				"count": 15000
			},
			{
				"name": "Piece of Aerosiderite",
				"count": 4
			},
			{
				"name": "Sturdy Bone Shard",
				"count": 4
			},
			{
				"name": "Silver Raven Insignia",
				"count": 4
			}
		],
		"ascend4": [
			{
				"name": "Mora",
				"count": 20000
			},
			{
				"name": "Bit of Aerosiderite",
				"count": 2
			},
			{
				"name": "Sturdy Bone Shard",
				"count": 8
			},
			{
				"name": "Silver Raven Insignia",
				"count": 6
			}
		],
		"ascend5": [
			{
				"name": "Mora",
				"count": 25000
			},
			{
				"name": "Bit of Aerosiderite",
				"count": 4
			},
			{
				"name": "Fossilized Bone Shard",
				"count": 6
			},
			{
				"name": "Golden Raven Insignia",
				"count": 4
			}
		],
		"ascend6": [
			{
				"name": "Mora",
				"count": 30000
			},
			{
				"name": "Chunk of Aerosiderite",
				"count": 3
			},
			{
				"name": "Fossilized Bone Shard",
				"count": 12
			},
			{
				"name": "Golden Raven Insignia",
				"count": 8
			}
		]
	}
}