{
	"name": "Skyward Spine",
	"description": "A polearm that symbolizes Dvalin's firm resolve. The upright shaft of this weapon points towards the heavens, clad in the might of sky and wind.",
	"weapontype": "Polearm",
	"rarity": "5",
	"baseatk": 48,
	"substat": "Energy Recharge",
	"subvalue": "8",
	"effectname": "Black Wing",
	"effect": "Increases CRIT Rate by {0} and increases Normal ATK SPD by {1}. Additionally, Normal and Charged Attacks hits on opponents have a {2} chance to trigger a vacuum blade that deals {3} of ATK as DMG in a small AoE. This effect can occur no more than once every 2s.",
	"r1": [
		"8%",
		"12%",
		"50%",
		"40%"
	],
	"r2": [
		"10%",
		"12%",
		"50%",
		"55%"
	],
	"r3": [
		"12%",
		"12%",
		"50%",
		"70%"
	],
	"r4": [
		"14%",
		"12%",
		"50%",
		"85%"
	],
	"r5": [
		"16%",
		"12%",
		"50%",
		"100%"
	],
	"weaponmaterialtype": "Dandelion Gladiator",
	"costs": {
		"ascend1": [
			{
				"name": "Mora",
				"count": 10000
			},
			{
				"name": "Fetters of the Dandelion Gladiator",
				"count": 5
			},
			{
				"name": "Chaos Device",
				"count": 5
			},
			{
				"name": "Divining Scroll",
				"count": 3
			}
		],
		"ascend2": [
			{
				"name": "Mora",
				"count": 20000
			},
			{
				"name": "Chains of the Dandelion Gladiator",
				"count": 5
			},
			{
				"name": "Chaos Device",
				"count": 18
			},
			{
				"name": "Divining Scroll",
				"count": 12
			}
		],
		"ascend3": [
			{
				"name": "Mora",
				"count": 30000
			},
			{
				"name": "Chains of the Dandelion Gladiator",
				"count": 9
			},
			{
				"name": "Chaos Circuit",
				"count": 9
			},
			{
				"name": "Sealed Scroll",
				"count": 9
			}
		],
		"ascend4": [
			{
				"name": "Mora",
				"count": 45000
			},
			{
				"name": "Shackles of the Dandelion Gladiator",
				"count": 5
			},
			{
				"name": "Chaos Circuit",
				"count": 18
			},
			{
				"name": "Sealed Scroll",
				"count": 14
			}
		],
		"ascend5": [
			{
				"name": "Mora",
				"count": 55000
			},
			{
				"name": "Shackles of the Dandelion Gladiator",
				"count": 9
			},
			{
				"name": "Chaos Core",
				"count": 14
			},
			{
				"name": "Forbidden Curse Scroll",
				"count": 9
			}
		],
		"ascend6": [
			{
				"name": "Mora",
				"count": 65000
			},
			{
				"name": "Dream of the Dandelion Gladiator",
				"count": 6
			},
			{
				"name": "Chaos Core",
				"count": 27
			},
			{
				"name": "Forbidden Curse Scroll",
				"count": 18
			}
		]
	}
}