{
	"name": "Skyward Blade",
	"description": "The sword of a knight that symbolizes the restored honor of Dvalin. The blessings of the Anemo Archon rest on the fuller of the blade, imbuing the sword with the powers of the sky and the wind.",
	"weapontype": "Sword",
	"rarity": "5",
	"baseatk": 46,
	"substat": "Energy Recharge",
	"subvalue": "12",
	"effectname": "Sky-Piercing Fang",
	"effect": "CRIT Rate increased by {0}. Gains Skypiercing Might upon using an Elemental Burst: Increases Movement SPD by {1}, increases ATK SPD by {2}, and Normal and Charged hits deal additional DMG equal to {3} of ATK. Skypiercing Might lasts for 12s.",
	"r1": [
		"4%",
		"10%",
		"10%",
		"20%"
	],
	"r2": [
		"5%",
		"10%",
		"10%",
		"25%"
	],
	"r3": [
		"6%",
		"10%",
		"10%",
		"30%"
	],
	"r4": [
		"7%",
		"10%",
		"10%",
		"35%"
	],
	"r5": [
		"8%",
		"10%",
		"10%",
		"40%"
	],
	"weaponmaterialtype": "Boreal Wolf",
	"costs": {
		"ascend1": [
			{
				"name": "Mora",
				"count": 10000
			},
			{
				"name": "Boreal Wolf's Milk Tooth",
				"count": 5
			},
			{
				"name": "Dead Ley Line Branch",
				"count": 5
			},
			{
				"name": "Slime Condensate",
				"count": 3
			}
		],
		"ascend2": [
			{
				"name": "Mora",
				"count": 20000
			},
			{
				"name": "Boreal Wolf's Cracked Tooth",
				"count": 5
			},
			{
				"name": "Dead Ley Line Branch",
				"count": 18
			},
			{
				"name": "Slime Condensate",
				"count": 12
			}
		],
		"ascend3": [
			{
				"name": "Mora",
				"count": 30000
			},
			{
				"name": "Boreal Wolf's Cracked Tooth",
				"count": 9
			},
			{
				"name": "Dead Ley Line Leaves",
				"count": 9
			},
			{
				"name": "Slime Secretions",
				"count": 9
			}
		],
		"ascend4": [
			{
				"name": "Mora",
				"count": 45000
			},
			{
				"name": "Boreal Wolf's Broken Fang",
				"count": 5
			},
			{
				"name": "Dead Ley Line Leaves",
				"count": 18
			},
			{
				"name": "Slime Secretions",
				"count": 14
			}
		],
		"ascend5": [
			{
				"name": "Mora",
				"count": 55000
			},
			{
				"name": "Boreal Wolf's Broken Fang",
				"count": 9
			},
			{
				"name": "Ley Line Sprout",
				"count": 14
			},
			{
				"name": "Slime Concentrate",
				"count": 9
			}
		],
		"ascend6": [
			{
				"name": "Mora",
				"count": 65000
			},
			{
				"name": "Boreal Wolf's Nostalgia",
				"count": 6
			},
			{
				"name": "Ley Line Sprout",
				"count": 27
			},
			{
				"name": "Slime Concentrate",
				"count": 18
			}
		]
	}
}