{
	"name": "Skyward Atlas",
	"description": "A cloud atlas symbolizing Dvalin and his former master, the Anemo Archon. It details the winds and clouds of the northern regions and contains the powers of the sky and wind.",
	"weapontype": "Catalyst",
	"rarity": "5",
	"baseatk": 48,
	"substat": "ATK",
	"subvalue": "7.2",
	"effectname": "Wandering Clouds",
	"effect": "Increases Elemental DMG Bonus by {0}. Normal Attack hits have a 50% chance to earn the favor of the clouds, which actively seek out nearby opponents to attack for 15s, dealing {1} ATK DMG. Can only occur once every 30s.",
	"r1": [
		"12%",
		"160%"
	],
	"r2": [
		"15%",
		"200%"
	],
	"r3": [
		"18%",
		"240%"
	],
	"r4": [
		"21%",
		"280%"
	],
	"r5": [
		"24%",
		"320%"
	],
	"weaponmaterialtype": "Boreal Wolf",
	"costs": {
		"ascend1": [
			{
				"name": "Mora",
				"count": 10000
			},
			{
				"name": "Boreal Wolf's Milk Tooth",
				"count": 5
			},
			{
				"name": "Dead Ley Line Branch",
				"count": 5
			},
			{
				"name": "Firm Arrowhead",
				"count": 3
			}
		],
		"ascend2": [
			{
				"name": "Mora",
				"count": 20000
			},
			{
				"name": "Boreal Wolf's Cracked Tooth",
				"count": 5
			},
			{
				"name": "Dead Ley Line Branch",
				"count": 18
			},
			{
				"name": "Firm Arrowhead",
				"count": 12
			}
		],
		"ascend3": [
			{
				"name": "Mora",
				"count": 30000
			},
			{
				"name": "Boreal Wolf's Cracked Tooth",
				"count": 9
			},
			{
				"name": "Dead Ley Line Leaves",
				"count": 9
			},
			{
				"name": "Sharp Arrowhead",
				"count": 9
			}
		],
		"ascend4": [
			{
				"name": "Mora",
				"count": 45000
			},
			{
				"name": "Boreal Wolf's Broken Fang",
				"count": 5
			},
			{
				"name": "Dead Ley Line Leaves",
				"count": 18
			},
			{
				"name": "Sharp Arrowhead",
				"count": 14
			}
		],
		"ascend5": [
			{
				"name": "Mora",
				"count": 55000
			},
			{
				"name": "Boreal Wolf's Broken Fang",
				"count": 9
			},
			{
				"name": "Ley Line Sprout",
				"count": 14
			},
			{
				"name": "Weathered Arrowhead",
				"count": 9
			}
		],
		"ascend6": [
			{
				"name": "Mora",
				"count": 65000
			},
			{
				"name": "Boreal Wolf's Nostalgia",
				"count": 6
			},
			{
				"name": "Ley Line Sprout",
				"count": 27
			},
			{
				"name": "Weathered Arrowhead",
				"count": 18
			}
		]
	}
}