{
	"name": "Skyward Pride",
	"description": "A claymore that symbolizes the pride of Dvalin soaring through the skies. When swung, it emits a deep hum as the full force of Dvalin's command of the sky and the wind is unleashed.",
	"weapontype": "Claymore",
	"rarity": "5",
	"baseatk": 48,
	"substat": "Energy Recharge",
	"subvalue": "8",
	"effectname": "Sky-ripping Dragon Spine",
	"effect": "Increases all DMG by {0}. After using an Elemental Burst, Normal or Charged Attack, on hit, creates a vacuum blade that does {1} of ATK as DMG to opponents along its path. Lasts for 20s or 8 vacuum blades.",
	"r1": [
		"8%",
		"80%"
	],
	"r2": [
		"10%",
		"100%"
	],
	"r3": [
		"12%",
		"120%"
	],
	"r4": [
		"14%",
		"140%"
	],
	"r5": [
		"16%",
		"160%"
	],
	"weaponmaterialtype": "Boreal Wolf",
	"costs": {
		"ascend1": [
			{
				"name": "Mora",
				"count": 10000
			},
			{
				"name": "Boreal Wolf's Milk Tooth",
				"count": 5
			},
			{
				"name": "Dead Ley Line Branch",
				"count": 5
			},
			{
				"name": "Slime Condensate",
				"count": 3
			}
		],
		"ascend2": [
			{
				"name": "Mora",
				"count": 20000
			},
			{
				"name": "Boreal Wolf's Cracked Tooth",
				"count": 5
			},
			{
				"name": "Dead Ley Line Branch",
				"count": 18
			},
			{
				"name": "Slime Condensate",
				"count": 12
			}
		],
		"ascend3": [
			{
				"name": "Mora",
				"count": 30000
			},
			{
				"name": "Boreal Wolf's Cracked Tooth",
				"count": 9
			},
			{
				"name": "Dead Ley Line Leaves",
				"count": 9
			},
			{
				"name": "Slime Secretions",
				"count": 9
			}
		],
		"ascend4": [
			{
				"name": "Mora",
				"count": 45000
			},
			{
				"name": "Boreal Wolf's Broken Fang",
				"count": 5
			},
			{
				"name": "Dead Ley Line Leaves",
				"count": 18
			},
			{
				"name": "Slime Secretions",
				"count": 14
			}
		],
		"ascend5": [
			{
				"name": "Mora",
				"count": 55000
			},
			{
				"name": "Boreal Wolf's Broken Fang",
				"count": 9
			},
			{
				"name": "Ley Line Sprout",
				"count": 14
			},
			{
				"name": "Slime Concentrate",
				"count": 9
			}
		],
		"ascend6": [
			{
				"name": "Mora",
				"count": 65000
			},
			{
				"name": "Boreal Wolf's Nostalgia",
				"count": 6
			},
			{
				"name": "Ley Line Sprout",
				"count": 27
			},
			{
				"name": "Slime Concentrate",
				"count": 18
			}
		]
	}
}