{
	"name": "Snow-Tombed Starsilver",
	"description": "An ancient greatsword that was stored between frescoes. Forged from Starsilver, it has the power to cleave through ice and snow.",
	"weapontype": "Claymore",
	"rarity": "4",
	"baseatk": 44,
	"substat": "Physical DMG Bonus",
	"subvalue": "7.5",
	"effectname": "Frost Burial",
	"effect": "Hitting an opponent with Normal and Charged Attacks has a {0} chance of forming and dropping an Everfrost Icicle above them, dealing AoE DMG equal to {1} of ATK. Opponents affected by Cryo are instead dealt DMG equal to {2} of ATK. Can only occur once every 10s.",
	"r1": [
		"60%",
		"80%",
		"200%"
	],
	"r2": [
		"70%",
		"95%",
		"240%"
	],
	"r3": [
		"80%",
		"110%",
		"280%"
	],
	"r4": [
		"90%",
		"125%",
		"320%"
	],
	"r5": [
		"100%",
		"140%",
		"360%"
	],
	"weaponmaterialtype": "Decarabian",
	"costs": {
		"ascend1": [
			{
				"name": "Mora",
				"count": 5000
			},
			{
				"name": "Tile of Decarabian's Tower",
				"count": 3
			},
			{
				"name": "Heavy Horn",
				"count": 3
			},
			{
				"name": "Slime Condensate",
				"count": 2
			}
		],
		"ascend2": [
			{
				"name": "Mora",
				"count": 15000
			},
			{
				"name": "Debris of Decarabian's City",
				"count": 3
			},
			{
				"name": "Heavy Horn",
				"count": 12
			},
			{
				"name": "Slime Condensate",
				"count": 8
			}
		],
		"ascend3": [
			{
				"name": "Mora",
				"count": 20000
			},
			{
				"name": "Debris of Decarabian's City",
				"count": 6
			},
			{
				"name": "Black Bronze Horn",
				"count": 6
			},
			{
				"name": "Slime Secretions",
				"count": 6
			}
		],
		"ascend4": [
			{
				"name": "Mora",
				"count": 30000
			},
			{
				"name": "Fragment of Decarabian's Epic",
				"count": 3
			},
			{
				"name": "Black Bronze Horn",
				"count": 12
			},
			{
				"name": "Slime Secretions",
				"count": 9
			}
		],
		"ascend5": [
			{
				"name": "Mora",
				"count": 35000
			},
			{
				"name": "Fragment of Decarabian's Epic",
				"count": 6
			},
			{
				"name": "Black Crystal Horn",
				"count": 9
			},
			{
				"name": "Slime Concentrate",
				"count": 6
			}
		],
		"ascend6": [
			{
				"name": "Mora",
				"count": 45000
			},
			{
				"name": "Scattered Piece of Decarabian's Dream",
				"count": 4
			},
			{
				"name": "Black Crystal Horn",
				"count": 18
			},
			{
				"name": "Slime Concentrate",
				"count": 12
			}
		]
	}
}