{
	"name": "Song of Broken Pines",
	"description": "A greatsword as light as the sigh of grass in the breeze, yet as merciless to the corrupt as a typhoon.",
	"weapontype": "Claymore",
	"rarity": "5",
	"baseatk": 49,
	"substat": "Physical DMG Bonus",
	"subvalue": "4.5",
	"effectname": "Rebel's Banner-Hymn",
	"effect": "A part of the \"Millennial Movement\" that wanders amidst the winds. Increases ATK by {0}, and when Normal or Charged Attacks hit opponents, the character gains a Sigil of Whispers. This effect can be triggered once every 0.3s. When you possess 4 Sigils of Whispers, all of them will be consumed and all nearby party members will obtain the \"Millennial Movement: Banner-Hymn\" effect for 12s. \"Millennial Movement: Banner-Hymn\" increases Normal ATK SPD by {1} and increases ATK by {2}. Once this effect is triggered, you will not gain Sigils of Whispers for 20s. Of the many effects of the \"Millennial Movement,\" buffs of the same type will not stack.",
	"r1": [
		"16%",
		"12%",
		"20%"
	],
	"r2": [
		"20%",
		"15%",
		"25%"
	],
	"r3": [
		"24%",
		"18%",
		"30%"
	],
	"r4": [
		"28%",
		"21%",
		"35%"
	],
	"r5": [
		"32%",
		"24%",
		"40%"
	],
	"weaponmaterialtype": "",
	"costs": {
		"ascend1": [
			{
				"name": "Mora",
				"count": 10000
			},
			{
				"name": "Tile of Decarabian's Tower",
				"count": 5
			},
			{
				"name": "Heavy Horn",
				"count": 5
			},
			{
				"name": "Damaged Mask",
				"count": 3
			}
		],
		"ascend2": [
			{
				"name": "Mora",
				"count": 20000
			},
			{
				"name": "Debris of Decarabian's City",
				"count": 5
			},
			{
				"name": "Heavy Horn",
				"count": 18
			},
			{
				"name": "Damaged Mask",
				"count": 12
			}
		],
		"ascend3": [
			{
				"name": "Mora",
				"count": 30000
			},
			{
				"name": "Debris of Decarabian's City",
				"count": 9
			},
			{
				"name": "Black Bronze Horn",
				"count": 9
			},
			{
				"name": "Stained Mask",
				"count": 9
			}
		],
		"ascend4": [
			{
				"name": "Mora",
				"count": 45000
			},
			{
				"name": "Fragment of Decarabian's Epic",
				"count": 5
			},
			{
				"name": "Black Bronze Horn",
				"count": 18
			},
			{
				"name": "Stained Mask",
				"count": 14
			}
		],
		"ascend5": [
			{
				"name": "Mora",
				"count": 55000
			},
			{
				"name": "Fragment of Decarabian's Epic",
				"count": 9
			},
			{
				"name": "Black Crystal Horn",
				"count": 14
			},
			{
				"name": "Ominous Mask",
				"count": 9
			}
		],
		"ascend6": [
			{
				"name": "Mora",
				"count": 65000
			},
			{
				"name": "Scattered Piece of Decarabian's Dream",
				"count": 6
			},
			{
				"name": "Black Crystal Horn",
				"count": 27
			},
			{
				"name": "Ominous Mask",
				"count": 18
			}
		]
	}
}