{
	"name": "Staff of Homa",
	"description": "A \"firewood staff\" that was once used in ancient and long-lost rituals.",
	"weapontype": "Polearm",
	"rarity": "5",
	"baseatk": 46,
	"substat": "CRIT DMG",
	"subvalue": "14.4",
	"effectname": "Reckless Cinnabar",
	"effect": "HP increased by {0}. Additionally, provides an ATK Bonus based on {1} of the wielder's Max HP. When the wielder's HP is less than 50%, this ATK Bonus is increased by an additional {2} of Max HP.",
	"r1": [
		"20%",
		"0.8%",
		"1%"
	],
	"r2": [
		"25%",
		"1%",
		"1.2%"
	],
	"r3": [
		"30%",
		"1.2%",
		"1.4%"
	],
	"r4": [
		"35%",
		"1.4%",
		"1.6%"
	],
	"r5": [
		"40%",
		"1.6%",
		"1.8%"
	],
	"weaponmaterialtype": "Aerosiderite",
	"costs": {
		"ascend1": [
			{
				"name": "Mora",
				"count": 10000
			},
			{
				"name": "Grain of Aerosiderite",
				"count": 5
			},
			{
				"name": "Dead Ley Line Branch",
				"count": 5
			},
			{
				"name": "Slime Condensate",
				"count": 3
			}
		],
		"ascend2": [
			{
				"name": "Mora",
				"count": 20000
			},
			{
				"name": "Piece of Aerosiderite",
				"count": 5
			},
			{
				"name": "Dead Ley Line Branch",
				"count": 18
			},
			{
				"name": "Slime Condensate",
				"count": 12
			}
		],
		"ascend3": [
			{
				"name": "Mora",
				"count": 30000
			},
			{
				"name": "Piece of Aerosiderite",
				"count": 9
			},
			{
				"name": "Dead Ley Line Leaves",
				"count": 9
			},
			{
				"name": "Slime Secretions",
				"count": 9
			}
		],
		"ascend4": [
			{
				"name": "Mora",
				"count": 45000
			},
			{
				"name": "Bit of Aerosiderite",
				"count": 5
			},
			{
				"name": "Dead Ley Line Leaves",
				"count": 18
			},
			{
				"name": "Slime Secretions",
				"count": 14
			}
		],
		"ascend5": [
			{
				"name": "Mora",
				"count": 55000
			},
			{
				"name": "Bit of Aerosiderite",
				"count": 9
			},
			{
				"name": "Ley Line Sprout",
				"count": 14
			},
			{
				"name": "Slime Concentrate",
				"count": 9
			}
		],
		"ascend6": [
			{
				"name": "Mora",
				"count": 65000
			},
			{
				"name": "Chunk of Aerosiderite",
				"count": 6
			},
			{
				"name": "Ley Line Sprout",
				"count": 27
			},
			{
				"name": "Slime Concentrate",
				"count": 18
			}
		]
	}
}