{
	"name": "Summit Shaper",
	"description": "A symbol of a legendary pact, this sharp blade once cut off the peak of a mountain.",
	"weapontype": "Sword",
	"rarity": "5",
	"baseatk": 46,
	"substat": "ATK",
	"subvalue": "10.8",
	"effectname": "Golden Majesty",
	"effect": "Increases Shield Strength by {0}. Scoring hits on opponents increases ATK by {1} for 8s. Max 5 stacks. Can only occur once every 0.3s. While protected by a shield, this ATK increase effect is increased by 100%.",
	"r1": [
		"20%",
		"4%"
	],
	"r2": [
		"25%",
		"5%"
	],
	"r3": [
		"30%",
		"6%"
	],
	"r4": [
		"35%",
		"7%"
	],
	"r5": [
		"40%",
		"8%"
	],
	"weaponmaterialtype": "Guyun",
	"costs": {
		"ascend1": [
			{
				"name": "Mora",
				"count": 10000
			},
			{
				"name": "Luminous Sands from Guyun",
				"count": 5
			},
			{
				"name": "Hunter's Sacrificial Knife",
				"count": 5
			},
			{
				"name": "Damaged Mask",
				"count": 3
			}
		],
		"ascend2": [
			{
				"name": "Mora",
				"count": 20000
			},
			{
				"name": "Lustrous Stone from Guyun",
				"count": 5
			},
			{
				"name": "Hunter's Sacrificial Knife",
				"count": 18
			},
			{
				"name": "Damaged Mask",
				"count": 12
			}
		],
		"ascend3": [
			{
				"name": "Mora",
				"count": 30000
			},
			{
				"name": "Lustrous Stone from Guyun",
				"count": 9
			},
			{
				"name": "Agent's Sacrificial Knife",
				"count": 9
			},
			{
				"name": "Stained Mask",
				"count": 9
			}
		],
		"ascend4": [
			{
				"name": "Mora",
				"count": 45000
			},
			{
				"name": "Relic from Guyun",
				"count": 5
			},
			{
				"name": "Agent's Sacrificial Knife",
				"count": 18
			},
			{
				"name": "Stained Mask",
				"count": 14
			}
		],
		"ascend5": [
			{
				"name": "Mora",
				"count": 55000
			},
			{
				"name": "Relic from Guyun",
				"count": 9
			},
			{
				"name": "Inspector's Sacrificial Knife",
				"count": 14
			},
			{
				"name": "Ominous Mask",
				"count": 9
			}
		],
		"ascend6": [
			{
				"name": "Mora",
				"count": 65000
			},
			{
				"name": "Divine Body from Guyun",
				"count": 6
			},
			{
				"name": "Inspector's Sacrificial Knife",
				"count": 27
			},
			{
				"name": "Ominous Mask",
				"count": 18
			}
		]
	}
}