{
	"name": "The Alley Flash",
	"description": "A straight sword as black as the night. It once belonged to a thief who roamed the benighted streets.",
	"weapontype": "Sword",
	"rarity": "4",
	"baseatk": 45,
	"substat": "Elemental Mastery",
	"subvalue": "12",
	"effectname": "Itinerant Hero",
	"effect": "Increases DMG dealt by the character equipping this weapon by {0}. Taking DMG disables this effect for 5s.",
	"r1": [
		"12%"
	],
	"r2": [
		"15%"
	],
	"r3": [
		"18%"
	],
	"r4": [
		"21%"
	],
	"r5": [
		"24%"
	],
	"weaponmaterialtype": "",
	"costs": {
		"ascend1": [
			{
				"name": "Mora",
				"count": 5000
			},
			{
				"name": "Tile of Decarabian's Tower",
				"count": 3
			},
			{
				"name": "Heavy Horn",
				"count": 3
			},
			{
				"name": "Divining Scroll",
				"count": 2
			}
		],
		"ascend2": [
			{
				"name": "Mora",
				"count": 15000
			},
			{
				"name": "Debris of Decarabian's City",
				"count": 3
			},
			{
				"name": "Heavy Horn",
				"count": 12
			},
			{
				"name": "Divining Scroll",
				"count": 8
			}
		],
		"ascend3": [
			{
				"name": "Mora",
				"count": 20000
			},
			{
				"name": "Debris of Decarabian's City",
				"count": 6
			},
			{
				"name": "Black Bronze Horn",
				"count": 6
			},
			{
				"name": "Sealed Scroll",
				"count": 6
			}
		],
		"ascend4": [
			{
				"name": "Mora",
				"count": 30000
			},
			{
				"name": "Fragment of Decarabian's Epic",
				"count": 3
			},
			{
				"name": "Black Bronze Horn",
				"count": 12
			},
			{
				"name": "Sealed Scroll",
				"count": 9
			}
		],
		"ascend5": [
			{
				"name": "Mora",
				"count": 35000
			},
			{
				"name": "Fragment of Decarabian's Epic",
				"count": 6
			},
			{
				"name": "Black Crystal Horn",
				"count": 9
			},
			{
				"name": "Forbidden Curse Scroll",
				"count": 6
			}
		],
		"ascend6": [
			{
				"name": "Mora",
				"count": 45000
			},
			{
				"name": "Scattered Piece of Decarabian's Dream",
				"count": 4
			},
			{
				"name": "Black Crystal Horn",
				"count": 18
			},
			{
				"name": "Forbidden Curse Scroll",
				"count": 12
			}
		]
	}
}