{
	"name": "The Bell",
	"description": "A heavy greatsword. A clock is embedded within it, though its internal mechanisms have long been damaged.",
	"weapontype": "Claymore",
	"rarity": "4",
	"baseatk": 42,
	"substat": "HP",
	"subvalue": "9",
	"effectname": "Rebellious Guardian",
	"effect": "Taking DMG generates a shield which absorbs DMG up to {0} of Max HP. This shield lasts for 10s or until broken, and can only be triggered once every {1}. While protected by a shield, the character gains {2} increased DMG.",
	"r1": [
		"20%",
		"45s",
		"12%"
	],
	"r2": [
		"23%",
		"45s",
		"15%"
	],
	"r3": [
		"26%",
		"45s",
		"18%"
	],
	"r4": [
		"29%",
		"45s",
		"21%"
	],
	"r5": [
		"32%",
		"45s",
		"24%"
	],
	"weaponmaterialtype": "Decarabian",
	"costs": {
		"ascend1": [
			{
				"name": "Mora",
				"count": 5000
			},
			{
				"name": "Tile of Decarabian's Tower",
				"count": 3
			},
			{
				"name": "Heavy Horn",
				"count": 3
			},
			{
				"name": "Whopperflower Nectar",
				"count": 2
			}
		],
		"ascend2": [
			{
				"name": "Mora",
				"count": 15000
			},
			{
				"name": "Debris of Decarabian's City",
				"count": 3
			},
			{
				"name": "Heavy Horn",
				"count": 12
			},
			{
				"name": "Whopperflower Nectar",
				"count": 8
			}
		],
		"ascend3": [
			{
				"name": "Mora",
				"count": 20000
			},
			{
				"name": "Debris of Decarabian's City",
				"count": 6
			},
			{
				"name": "Black Bronze Horn",
				"count": 6
			},
			{
				"name": "Shimmering Nectar",
				"count": 6
			}
		],
		"ascend4": [
			{
				"name": "Mora",
				"count": 30000
			},
			{
				"name": "Fragment of Decarabian's Epic",
				"count": 3
			},
			{
				"name": "Black Bronze Horn",
				"count": 12
			},
			{
				"name": "Shimmering Nectar",
				"count": 9
			}
		],
		"ascend5": [
			{
				"name": "Mora",
				"count": 35000
			},
			{
				"name": "Fragment of Decarabian's Epic",
				"count": 6
			},
			{
				"name": "Black Crystal Horn",
				"count": 9
			},
			{
				"name": "Energy Nectar",
				"count": 6
			}
		],
		"ascend6": [
			{
				"name": "Mora",
				"count": 45000
			},
			{
				"name": "Scattered Piece of Decarabian's Dream",
				"count": 4
			},
			{
				"name": "Black Crystal Horn",
				"count": 18
			},
			{
				"name": "Energy Nectar",
				"count": 12
			}
		]
	}
}