{
	"name": "\"The Catch\"",
	"description": "In the distant past, this was the beloved spear of a famed Inazuman bandit.",
	"weapontype": "Polearm",
	"rarity": "4",
	"baseatk": 42,
	"substat": "Energy Recharge",
	"subvalue": "10",
	"effectname": "Shanty",
	"effect": "Increases Elemental Burst DMG by {0} and Elemental Burst CRIT Rate by {1}.",
	"r1": [
		"16%",
		"6%"
	],
	"r2": [
		"20%",
		"7.5%"
	],
	"r3": [
		"24%",
		"9%"
	],
	"r4": [
		"28%",
		"10.5%"
	],
	"r5": [
		"32%",
		"12%"
	],
	"weaponmaterialtype": "",
	"costs": {
		"ascend1": [
			{
				"name": "Mora",
				"count": 5000
			},
			{
				"name": "Mask of the Wicked Lieutenant",
				"count": 3
			},
			{
				"name": "Chaos Gear",
				"count": 3
			},
			{
				"name": "Spectral Husk",
				"count": 2
			}
		],
		"ascend2": [
			{
				"name": "Mora",
				"count": 15000
			},
			{
				"name": "Mask of the Tiger's Bite",
				"count": 3
			},
			{
				"name": "Chaos Gear",
				"count": 12
			},
			{
				"name": "Spectral Husk",
				"count": 8
			}
		],
		"ascend3": [
			{
				"name": "Mora",
				"count": 20000
			},
			{
				"name": "Mask of the Tiger's Bite",
				"count": 6
			},
			{
				"name": "Chaos Axis",
				"count": 6
			},
			{
				"name": "Spectral Heart",
				"count": 6
			}
		],
		"ascend4": [
			{
				"name": "Mora",
				"count": 30000
			},
			{
				"name": "Mask of the One-Horned",
				"count": 3
			},
			{
				"name": "Chaos Axis",
				"count": 12
			},
			{
				"name": "Spectral Heart",
				"count": 9
			}
		],
		"ascend5": [
			{
				"name": "Mora",
				"count": 35000
			},
			{
				"name": "Mask of the One-Horned",
				"count": 6
			},
			{
				"name": "Chaos Oculus",
				"count": 9
			},
			{
				"name": "Spectral Nucleus",
				"count": 6
			}
		],
		"ascend6": [
			{
				"name": "Mora",
				"count": 45000
			},
			{
				"name": "Mask of the Kijin",
				"count": 4
			},
			{
				"name": "Chaos Oculus",
				"count": 18
			},
			{
				"name": "Spectral Nucleus",
				"count": 12
			}
		]
	}
}