{
	"name": "The Flute",
	"description": "Beneath its rusty exterior is a lavishly decorated thin blade. It swings as swiftly as the wind.",
	"weapontype": "Sword",
	"rarity": "4",
	"baseatk": 42,
	"substat": "ATK",
	"subvalue": "9",
	"effectname": "Chord",
	"effect": "Normal or Charged Attacks grant a Harmonic on hits. Gaining 5 Harmonics triggers the power of music and deals {0} ATK DMG to surrounding opponents. Harmonics last up to 30s, and a maximum of 1 can be gained every 0.5s.",
	"r1": [
		"100%"
	],
	"r2": [
		"125%"
	],
	"r3": [
		"150%"
	],
	"r4": [
		"175%"
	],
	"r5": [
		"200%"
	],
	"weaponmaterialtype": "Boreal Wolf",
	"costs": {
		"ascend1": [
			{
				"name": "Mora",
				"count": 5000
			},
			{
				"name": "Boreal Wolf's Milk Tooth",
				"count": 3
			},
			{
				"name": "Dead Ley Line Branch",
				"count": 3
			},
			{
				"name": "Slime Condensate",
				"count": 2
			}
		],
		"ascend2": [
			{
				"name": "Mora",
				"count": 15000
			},
			{
				"name": "Boreal Wolf's Cracked Tooth",
				"count": 3
			},
			{
				"name": "Dead Ley Line Branch",
				"count": 12
			},
			{
				"name": "Slime Condensate",
				"count": 8
			}
		],
		"ascend3": [
			{
				"name": "Mora",
				"count": 20000
			},
			{
				"name": "Boreal Wolf's Cracked Tooth",
				"count": 6
			},
			{
				"name": "Dead Ley Line Leaves",
				"count": 6
			},
			{
				"name": "Slime Secretions",
				"count": 6
			}
		],
		"ascend4": [
			{
				"name": "Mora",
				"count": 30000
			},
			{
				"name": "Boreal Wolf's Broken Fang",
				"count": 3
			},
			{
				"name": "Dead Ley Line Leaves",
				"count": 12
			},
			{
				"name": "Slime Secretions",
				"count": 9
			}
		],
		"ascend5": [
			{
				"name": "Mora",
				"count": 35000
			},
			{
				"name": "Boreal Wolf's Broken Fang",
				"count": 6
			},
			{
				"name": "Ley Line Sprout",
				"count": 9
			},
			{
				"name": "Slime Concentrate",
				"count": 6
			}
		],
		"ascend6": [
			{
				"name": "Mora",
				"count": 45000
			},
			{
				"name": "Boreal Wolf's Nostalgia",
				"count": 4
			},
			{
				"name": "Ley Line Sprout",
				"count": 18
			},
			{
				"name": "Slime Concentrate",
				"count": 12
			}
		]
	}
}