{
	"name": "The Stringless",
	"description": "A bow that once served as an extraordinary instrument. It is no longer capable of getting people up and dancing.",
	"weapontype": "Bow",
	"rarity": "4",
	"baseatk": 42,
	"substat": "Elemental Mastery",
	"subvalue": "36",
	"effectname": "Arrowless Song",
	"effect": "Increases Elemental Skill and Elemental Burst DMG by {0}.",
	"r1": [
		"24%"
	],
	"r2": [
		"30%"
	],
	"r3": [
		"36%"
	],
	"r4": [
		"42%"
	],
	"r5": [
		"48%"
	],
	"weaponmaterialtype": "Decarabian",
	"costs": {
		"ascend1": [
			{
				"name": "Mora",
				"count": 5000
			},
			{
				"name": "Tile of Decarabian's Tower",
				"count": 3
			},
			{
				"name": "Heavy Horn",
				"count": 3
			},
			{
				"name": "Firm Arrowhead",
				"count": 2
			}
		],
		"ascend2": [
			{
				"name": "Mora",
				"count": 15000
			},
			{
				"name": "Debris of Decarabian's City",
				"count": 3
			},
			{
				"name": "Heavy Horn",
				"count": 12
			},
			{
				"name": "Firm Arrowhead",
				"count": 8
			}
		],
		"ascend3": [
			{
				"name": "Mora",
				"count": 20000
			},
			{
				"name": "Debris of Decarabian's City",
				"count": 6
			},
			{
				"name": "Black Bronze Horn",
				"count": 6
			},
			{
				"name": "Sharp Arrowhead",
				"count": 6
			}
		],
		"ascend4": [
			{
				"name": "Mora",
				"count": 30000
			},
			{
				"name": "Fragment of Decarabian's Epic",
				"count": 3
			},
			{
				"name": "Black Bronze Horn",
				"count": 12
			},
			{
				"name": "Sharp Arrowhead",
				"count": 9
			}
		],
		"ascend5": [
			{
				"name": "Mora",
				"count": 35000
			},
			{
				"name": "Fragment of Decarabian's Epic",
				"count": 6
			},
			{
				"name": "Black Crystal Horn",
				"count": 9
			},
			{
				"name": "Weathered Arrowhead",
				"count": 6
			}
		],
		"ascend6": [
			{
				"name": "Mora",
				"count": 45000
			},
			{
				"name": "Scattered Piece of Decarabian's Dream",
				"count": 4
			},
			{
				"name": "Black Crystal Horn",
				"count": 18
			},
			{
				"name": "Weathered Arrowhead",
				"count": 12
			}
		]
	}
}