{
	"name": "The Unforged",
	"description": "Capable of driving away evil spirits and wicked people alike, this edgeless claymore seems to possess divine might.",
	"weapontype": "Claymore",
	"rarity": "5",
	"baseatk": 46,
	"substat": "ATK",
	"subvalue": "10.8",
	"effectname": "Golden Majesty",
	"effect": "Increases Shield Strength by {0}. Scoring hits on opponents increases ATK by {1} for 8s. Max 5 stacks. Can only occur once every 0.3s. While protected by a shield, this ATK increase effect is increased by 100%.",
	"r1": [
		"20%",
		"4%"
	],
	"r2": [
		"25%",
		"5%"
	],
	"r3": [
		"30%",
		"6%"
	],
	"r4": [
		"35%",
		"7%"
	],
	"r5": [
		"40%",
		"8%"
	],
	"weaponmaterialtype": "Mist Veiled Elixir",
	"costs": {
		"ascend1": [
			{
				"name": "Mora",
				"count": 10000
			},
			{
				"name": "Mist Veiled Lead Elixir",
				"count": 5
			},
			{
				"name": "Mist Grass Pollen",
				"count": 5
			},
			{
				"name": "Treasure Hoarder Insignia",
				"count": 3
			}
		],
		"ascend2": [
			{
				"name": "Mora",
				"count": 20000
			},
			{
				"name": "Mist Veiled Mercury Elixir",
				"count": 5
			},
			{
				"name": "Mist Grass Pollen",
				"count": 18
			},
			{
				"name": "Treasure Hoarder Insignia",
				"count": 12
			}
		],
		"ascend3": [
			{
				"name": "Mora",
				"count": 30000
			},
			{
				"name": "Mist Veiled Mercury Elixir",
				"count": 9
			},
			{
				"name": "Mist Grass",
				"count": 9
			},
			{
				"name": "Silver Raven Insignia",
				"count": 9
			}
		],
		"ascend4": [
			{
				"name": "Mora",
				"count": 45000
			},
			{
				"name": "Mist Veiled Gold Elixir",
				"count": 5
			},
			{
				"name": "Mist Grass",
				"count": 18
			},
			{
				"name": "Silver Raven Insignia",
				"count": 14
			}
		],
		"ascend5": [
			{
				"name": "Mora",
				"count": 55000
			},
			{
				"name": "Mist Veiled Gold Elixir",
				"count": 9
			},
			{
				"name": "Mist Grass Wick",
				"count": 14
			},
			{
				"name": "Golden Raven Insignia",
				"count": 9
			}
		],
		"ascend6": [
			{
				"name": "Mora",
				"count": 65000
			},
			{
				"name": "Mist Veiled Primo Elixir",
				"count": 6
			},
			{
				"name": "Mist Grass Wick",
				"count": 27
			},
			{
				"name": "Golden Raven Insignia",
				"count": 18
			}
		]
	}
}