{
	"name": "The Viridescent Hunt",
	"description": "A pure green hunting bow. This once belonged to a certain hunter whose home was the forest.",
	"weapontype": "Bow",
	"rarity": "4",
	"baseatk": 42,
	"substat": "CRIT Rate",
	"subvalue": "6",
	"effectname": "Verdant Wind",
	"effect": "Upon hit, Normal and Aimed Shot Attacks have a 50% chance to generate a Cyclone, which will continuously attract surrounding opponents, dealing {0} of ATK as DMG to these opponents every 0.5s for 4s. This effect can only occur once every {1}.",
	"r1": [
		"40%",
		"14s"
	],
	"r2": [
		"50%",
		"13s"
	],
	"r3": [
		"60%",
		"12s"
	],
	"r4": [
		"70%",
		"11s"
	],
	"r5": [
		"80%",
		"10s"
	],
	"weaponmaterialtype": "Decarabian",
	"costs": {
		"ascend1": [
			{
				"name": "Mora",
				"count": 5000
			},
			{
				"name": "Tile of Decarabian's Tower",
				"count": 3
			},
			{
				"name": "Heavy Horn",
				"count": 3
			},
			{
				"name": "Firm Arrowhead",
				"count": 2
			}
		],
		"ascend2": [
			{
				"name": "Mora",
				"count": 15000
			},
			{
				"name": "Debris of Decarabian's City",
				"count": 3
			},
			{
				"name": "Heavy Horn",
				"count": 12
			},
			{
				"name": "Firm Arrowhead",
				"count": 8
			}
		],
		"ascend3": [
			{
				"name": "Mora",
				"count": 20000
			},
			{
				"name": "Debris of Decarabian's City",
				"count": 6
			},
			{
				"name": "Black Bronze Horn",
				"count": 6
			},
			{
				"name": "Sharp Arrowhead",
				"count": 6
			}
		],
		"ascend4": [
			{
				"name": "Mora",
				"count": 30000
			},
			{
				"name": "Fragment of Decarabian's Epic",
				"count": 3
			},
			{
				"name": "Black Bronze Horn",
				"count": 12
			},
			{
				"name": "Sharp Arrowhead",
				"count": 9
			}
		],
		"ascend5": [
			{
				"name": "Mora",
				"count": 35000
			},
			{
				"name": "Fragment of Decarabian's Epic",
				"count": 6
			},
			{
				"name": "Black Crystal Horn",
				"count": 9
			},
			{
				"name": "Weathered Arrowhead",
				"count": 6
			}
		],
		"ascend6": [
			{
				"name": "Mora",
				"count": 45000
			},
			{
				"name": "Scattered Piece of Decarabian's Dream",
				"count": 4
			},
			{
				"name": "Black Crystal Horn",
				"count": 18
			},
			{
				"name": "Weathered Arrowhead",
				"count": 12
			}
		]
	}
}