{
	"name": "The Widsith",
	"description": "A heavy notebook filled with musical scores. Though suffering from moth damage and heavy wear-and-tear, there is still much power to be found among the hand-written words within.",
	"weapontype": "Catalyst",
	"rarity": "4",
	"baseatk": 42,
	"substat": "CRIT DMG",
	"subvalue": "12",
	"effectname": "Debut",
	"effect": "When the character takes the field, they will gain a random theme song for 10s. This can only occur once every 30s. Recitative: ATK is increased by {0}. Aria: Increases all Elemental DMG by {1}. Interlude: Elemental Mastery is increased by {2}.",
	"r1": [
		"60%",
		"48%",
		"240"
	],
	"r2": [
		"75%",
		"60%",
		"300"
	],
	"r3": [
		"90%",
		"72%",
		"360"
	],
	"r4": [
		"105%",
		"84%",
		"420"
	],
	"r5": [
		"120%",
		"96%",
		"480"
	],
	"weaponmaterialtype": "Boreal Wolf",
	"costs": {
		"ascend1": [
			{
				"name": "Mora",
				"count": 5000
			},
			{
				"name": "Boreal Wolf's Milk Tooth",
				"count": 3
			},
			{
				"name": "Dead Ley Line Branch",
				"count": 3
			},
			{
				"name": "Damaged Mask",
				"count": 2
			}
		],
		"ascend2": [
			{
				"name": "Mora",
				"count": 15000
			},
			{
				"name": "Boreal Wolf's Cracked Tooth",
				"count": 3
			},
			{
				"name": "Dead Ley Line Branch",
				"count": 12
			},
			{
				"name": "Damaged Mask",
				"count": 8
			}
		],
		"ascend3": [
			{
				"name": "Mora",
				"count": 20000
			},
			{
				"name": "Boreal Wolf's Cracked Tooth",
				"count": 6
			},
			{
				"name": "Dead Ley Line Leaves",
				"count": 6
			},
			{
				"name": "Stained Mask",
				"count": 6
			}
		],
		"ascend4": [
			{
				"name": "Mora",
				"count": 30000
			},
			{
				"name": "Boreal Wolf's Broken Fang",
				"count": 3
			},
			{
				"name": "Dead Ley Line Leaves",
				"count": 12
			},
			{
				"name": "Stained Mask",
				"count": 9
			}
		],
		"ascend5": [
			{
				"name": "Mora",
				"count": 35000
			},
			{
				"name": "Boreal Wolf's Broken Fang",
				"count": 6
			},
			{
				"name": "Ley Line Sprout",
				"count": 9
			},
			{
				"name": "Ominous Mask",
				"count": 6
			}
		],
		"ascend6": [
			{
				"name": "Mora",
				"count": 45000
			},
			{
				"name": "Boreal Wolf's Nostalgia",
				"count": 4
			},
			{
				"name": "Ley Line Sprout",
				"count": 18
			},
			{
				"name": "Ominous Mask",
				"count": 12
			}
		]
	}
}