{
	"name": "Thrilling Tales of Dragon Slayers",
	"description": "A fictional story of a band of five heroes who go off on a dragon hunt. It is poorly written and structurally incoherent. Its value lies in the many lessons that can be learned from failure.",
	"weapontype": "Catalyst",
	"rarity": "3",
	"baseatk": 39,
	"substat": "HP",
	"subvalue": "7.7",
	"effectname": "Heritage",
	"effect": "When switching characters, the new character taking the field has their ATK increased by {0} for 10s. This effect can only occur once every 20s.",
	"r1": [
		"24%"
	],
	"r2": [
		"30%"
	],
	"r3": [
		"36%"
	],
	"r4": [
		"42%"
	],
	"r5": [
		"48%"
	],
	"weaponmaterialtype": "Boreal Wolf",
	"costs": {
		"ascend1": [
			{
				"name": "Mora",
				"count": 5000
			},
			{
				"name": "Boreal Wolf's Milk Tooth",
				"count": 2
			},
			{
				"name": "Dead Ley Line Branch",
				"count": 2
			},
			{
				"name": "Divining Scroll",
				"count": 1
			}
		],
		"ascend2": [
			{
				"name": "Mora",
				"count": 10000
			},
			{
				"name": "Boreal Wolf's Cracked Tooth",
				"count": 2
			},
			{
				"name": "Dead Ley Line Branch",
				"count": 8
			},
			{
				"name": "Divining Scroll",
				"count": 5
			}
		],
		"ascend3": [
			{
				"name": "Mora",
				"count": 15000
			},
			{
				"name": "Boreal Wolf's Cracked Tooth",
				"count": 4
			},
			{
				"name": "Dead Ley Line Leaves",
				"count": 4
			},
			{
				"name": "Sealed Scroll",
				"count": 4
			}
		],
		"ascend4": [
			{
				"name": "Mora",
				"count": 20000
			},
			{
				"name": "Boreal Wolf's Broken Fang",
				"count": 2
			},
			{
				"name": "Dead Ley Line Leaves",
				"count": 8
			},
			{
				"name": "Sealed Scroll",
				"count": 6
			}
		],
		"ascend5": [
			{
				"name": "Mora",
				"count": 25000
			},
			{
				"name": "Boreal Wolf's Broken Fang",
				"count": 4
			},
			{
				"name": "Ley Line Sprout",
				"count": 6
			},
			{
				"name": "Forbidden Curse Scroll",
				"count": 4
			}
		],
		"ascend6": [
			{
				"name": "Mora",
				"count": 30000
			},
			{
				"name": "Boreal Wolf's Nostalgia",
				"count": 3
			},
			{
				"name": "Ley Line Sprout",
				"count": 12
			},
			{
				"name": "Forbidden Curse Scroll",
				"count": 8
			}
		]
	}
}