{
	"name": "Thundering Pulse",
	"description": "A longbow that was a gift from the Shogun. Eternal lightning crackles all around it.",
	"weapontype": "Bow",
	"rarity": "5",
	"baseatk": 46,
	"substat": "CRIT DMG",
	"subvalue": "14.4",
	"effectname": "Rule by Thunder",
	"effect": "Increases ATK by {0} and grants the might of the Thunder Emblem. At stack levels 1/2/3, the Thunder Emblem increases Normal Attack DMG by {1}. The character will obtain 1 stack of Thunder Emblem in each of the following scenarios: Normal Attack deals DMG (stack lasts 5s), casting Elemental Skill (stack lasts 10s); Energy is less than 100% (stack disappears when Energy is full). Each stack's duration is calculated independently.",
	"r1": [
		"20%",
		"12/24/40%"
	],
	"r2": [
		"25%",
		"15/30/50%"
	],
	"r3": [
		"30%",
		"18/36/60%"
	],
	"r4": [
		"35%",
		"21/42/70%"
	],
	"r5": [
		"40%",
		"24/48/80%"
	],
	"weaponmaterialtype": "",
	"costs": {
		"ascend1": [
			{
				"name": "Mora",
				"count": 10000
			},
			{
				"name": "Narukami's Wisdom",
				"count": 5
			},
			{
				"name": "Dismal Prism",
				"count": 5
			},
			{
				"name": "Firm Arrowhead",
				"count": 3
			}
		],
		"ascend2": [
			{
				"name": "Mora",
				"count": 20000
			},
			{
				"name": "Narukami's Joy",
				"count": 5
			},
			{
				"name": "Dismal Prism",
				"count": 18
			},
			{
				"name": "Firm Arrowhead",
				"count": 12
			}
		],
		"ascend3": [
			{
				"name": "Mora",
				"count": 30000
			},
			{
				"name": "Narukami's Joy",
				"count": 9
			},
			{
				"name": "Crystal Prism",
				"count": 9
			},
			{
				"name": "Sharp Arrowhead",
				"count": 9
			}
		],
		"ascend4": [
			{
				"name": "Mora",
				"count": 45000
			},
			{
				"name": "Narukami's Affection",
				"count": 5
			},
			{
				"name": "Crystal Prism",
				"count": 18
			},
			{
				"name": "Sharp Arrowhead",
				"count": 14
			}
		],
		"ascend5": [
			{
				"name": "Mora",
				"count": 55000
			},
			{
				"name": "Narukami's Affection",
				"count": 9
			},
			{
				"name": "Polarizing Prism",
				"count": 14
			},
			{
				"name": "Weathered Arrowhead",
				"count": 9
			}
		],
		"ascend6": [
			{
				"name": "Mora",
				"count": 65000
			},
			{
				"name": "Narukami's Valor",
				"count": 6
			},
			{
				"name": "Polarizing Prism",
				"count": 27
			},
			{
				"name": "Weathered Arrowhead",
				"count": 18
			}
		]
	}
}