{
	"name": "Twin Nephrite",
	"description": "A jade pendant formed by piecing together two jade stones.",
	"weapontype": "Catalyst",
	"rarity": "3",
	"baseatk": 40,
	"substat": "CRIT Rate",
	"subvalue": "3.4",
	"effectname": "Guerilla Tactics",
	"effect": "Defeating an opponent increases Movement SPD and ATK by {0} for 15s.",
	"r1": [
		"12%"
	],
	"r2": [
		"14%"
	],
	"r3": [
		"16%"
	],
	"r4": [
		"18%"
	],
	"r5": [
		"20%"
	],
	"weaponmaterialtype": "Mist Veiled Elixir",
	"costs": {
		"ascend1": [
			{
				"name": "Mora",
				"count": 5000
			},
			{
				"name": "Mist Veiled Lead Elixir",
				"count": 2
			},
			{
				"name": "Mist Grass Pollen",
				"count": 2
			},
			{
				"name": "Recruit's Insignia",
				"count": 1
			}
		],
		"ascend2": [
			{
				"name": "Mora",
				"count": 10000
			},
			{
				"name": "Mist Veiled Mercury Elixir",
				"count": 2
			},
			{
				"name": "Mist Grass Pollen",
				"count": 8
			},
			{
				"name": "Recruit's Insignia",
				"count": 5
			}
		],
		"ascend3": [
			{
				"name": "Mora",
				"count": 15000
			},
			{
				"name": "Mist Veiled Mercury Elixir",
				"count": 4
			},
			{
				"name": "Mist Grass",
				"count": 4
			},
			{
				"name": "Sergeant's Insignia",
				"count": 4
			}
		],
		"ascend4": [
			{
				"name": "Mora",
				"count": 20000
			},
			{
				"name": "Mist Veiled Gold Elixir",
				"count": 2
			},
			{
				"name": "Mist Grass",
				"count": 8
			},
			{
				"name": "Sergeant's Insignia",
				"count": 6
			}
		],
		"ascend5": [
			{
				"name": "Mora",
				"count": 25000
			},
			{
				"name": "Mist Veiled Gold Elixir",
				"count": 4
			},
			{
				"name": "Mist Grass Wick",
				"count": 6
			},
			{
				"name": "Lieutenant's Insignia",
				"count": 4
			}
		],
		"ascend6": [
			{
				"name": "Mora",
				"count": 30000
			},
			{
				"name": "Mist Veiled Primo Elixir",
				"count": 3
			},
			{
				"name": "Mist Grass Wick",
				"count": 12
			},
			{
				"name": "Lieutenant's Insignia",
				"count": 8
			}
		]
	}
}