{
	"name": "Waster Greatsword",
	"description": "A sturdy sheet of iron that may be powerful enough to break apart mountains if wielded with enough willpower.",
	"weapontype": "Claymore",
	"rarity": "1",
	"baseatk": 23,
	"substat": "",
	"subvalue": "",
	"effectname": "",
	"effect": "",
	"r1": [],
	"r2": [],
	"r3": [],
	"r4": [],
	"r5": [],
	"weaponmaterialtype": "Boreal Wolf",
	"costs": {
		"ascend1": [
			{
				"name": "Mora"
			},
			{
				"name": "Boreal Wolf's Milk Tooth",
				"count": 1
			},
			{
				"name": "Dead Ley Line Branch",
				"count": 1
			},
			{
				"name": "Slime Condensate",
				"count": 1
			}
		],
		"ascend2": [
			{
				"name": "Mora",
				"count": 5000
			},
			{
				"name": "Boreal Wolf's Cracked Tooth",
				"count": 1
			},
			{
				"name": "Dead Ley Line Branch",
				"count": 4
			},
			{
				"name": "Slime Condensate",
				"count": 2
			}
		],
		"ascend3": [
			{
				"name": "Mora",
				"count": 5000
			},
			{
				"name": "Boreal Wolf's Cracked Tooth",
				"count": 2
			},
			{
				"name": "Dead Ley Line Leaves",
				"count": 2
			},
			{
				"name": "Slime Secretions",
				"count": 2
			}
		],
		"ascend4": [
			{
				"name": "Mora",
				"count": 10000
			},
			{
				"name": "Boreal Wolf's Broken Fang",
				"count": 1
			},
			{
				"name": "Dead Ley Line Leaves",
				"count": 4
			},
			{
				"name": "Slime Secretions",
				"count": 3
			}
		]
	}
}