{
	"name": "Wavebreaker's Fin",
	"description": "A naginata forged from luminescent material deep in the ocean depths. It was once the possession of the tengu race.",
	"weapontype": "Polearm",
	"rarity": "4",
	"baseatk": 45,
	"substat": "ATK",
	"subvalue": "3",
	"effectname": "Watatsumi Wavewalker",
	"effect": "For every point of the entire party's combined maximum Energy capacity, the Elemental Burst DMG of the character equipping this weapon is increased by {0}. A maximum of {1} increased Elemental Burst DMG can be achieved this way.",
	"r1": [
		"0.12%",
		"40%"
	],
	"r2": [
		"0.15%",
		"50%"
	],
	"r3": [
		"0.18%",
		"60%"
	],
	"r4": [
		"0.21%",
		"70%"
	],
	"r5": [
		"0.24%",
		"80%"
	],
	"weaponmaterialtype": "",
	"costs": {
		"ascend1": [
			{
				"name": "Mora",
				"count": 5000
			},
			{
				"name": "Mask of the Wicked Lieutenant",
				"count": 3
			},
			{
				"name": "Concealed Claw",
				"count": 3
			},
			{
				"name": "Old Handguard",
				"count": 2
			}
		],
		"ascend2": [
			{
				"name": "Mora",
				"count": 15000
			},
			{
				"name": "Mask of the Tiger's Bite",
				"count": 3
			},
			{
				"name": "Concealed Claw",
				"count": 12
			},
			{
				"name": "Old Handguard",
				"count": 8
			}
		],
		"ascend3": [
			{
				"name": "Mora",
				"count": 20000
			},
			{
				"name": "Mask of the Tiger's Bite",
				"count": 6
			},
			{
				"name": "Concealed Unguis",
				"count": 6
			},
			{
				"name": "Kageuchi Handguard",
				"count": 6
			}
		],
		"ascend4": [
			{
				"name": "Mora",
				"count": 30000
			},
			{
				"name": "Mask of the One-Horned",
				"count": 3
			},
			{
				"name": "Concealed Unguis",
				"count": 12
			},
			{
				"name": "Kageuchi Handguard",
				"count": 9
			}
		],
		"ascend5": [
			{
				"name": "Mora",
				"count": 35000
			},
			{
				"name": "Mask of the One-Horned",
				"count": 6
			},
			{
				"name": "Concealed Talon",
				"count": 9
			},
			{
				"name": "Famed Handguard",
				"count": 6
			}
		],
		"ascend6": [
			{
				"name": "Mora",
				"count": 45000
			},
			{
				"name": "Mask of the Kijin",
				"count": 4
			},
			{
				"name": "Concealed Talon",
				"count": 18
			},
			{
				"name": "Famed Handguard",
				"count": 12
			}
		]
	}
}