{
	"name": "Whiteblind",
	"description": "An exotic sword with one section of the blade left blunt. It made its way into Liyue via the hands of foreign traders. Incredibly powerful in the hands of someone who knows how to use it.",
	"weapontype": "Claymore",
	"rarity": "4",
	"baseatk": 42,
	"substat": "DEF",
	"subvalue": "11.3",
	"effectname": "Infusion Blade",
	"effect": "On hit, Normal or Charged Attacks increase ATK and DEF by {0} for 6s. Max 4 stacks. This effect can only occur once every 0.5s.",
	"r1": [
		"6%"
	],
	"r2": [
		"7.5%"
	],
	"r3": [
		"9%"
	],
	"r4": [
		"10.5%"
	],
	"r5": [
		"12%"
	],
	"weaponmaterialtype": "Guyun",
	"costs": {
		"ascend1": [
			{
				"name": "Mora",
				"count": 5000
			},
			{
				"name": "Luminous Sands from Guyun",
				"count": 3
			},
			{
				"name": "Hunter's Sacrificial Knife",
				"count": 3
			},
			{
				"name": "Treasure Hoarder Insignia",
				"count": 2
			}
		],
		"ascend2": [
			{
				"name": "Mora",
				"count": 15000
			},
			{
				"name": "Lustrous Stone from Guyun",
				"count": 3
			},
			{
				"name": "Hunter's Sacrificial Knife",
				"count": 12
			},
			{
				"name": "Treasure Hoarder Insignia",
				"count": 8
			}
		],
		"ascend3": [
			{
				"name": "Mora",
				"count": 20000
			},
			{
				"name": "Lustrous Stone from Guyun",
				"count": 6
			},
			{
				"name": "Agent's Sacrificial Knife",
				"count": 6
			},
			{
				"name": "Silver Raven Insignia",
				"count": 6
			}
		],
		"ascend4": [
			{
				"name": "Mora",
				"count": 30000
			},
			{
				"name": "Relic from Guyun",
				"count": 3
			},
			{
				"name": "Agent's Sacrificial Knife",
				"count": 12
			},
			{
				"name": "Silver Raven Insignia",
				"count": 9
			}
		],
		"ascend5": [
			{
				"name": "Mora",
				"count": 35000
			},
			{
				"name": "Relic from Guyun",
				"count": 6
			},
			{
				"name": "Inspector's Sacrificial Knife",
				"count": 9
			},
			{
				"name": "Golden Raven Insignia",
				"count": 6
			}
		],
		"ascend6": [
			{
				"name": "Mora",
				"count": 45000
			},
			{
				"name": "Divine Body from Guyun",
				"count": 4
			},
			{
				"name": "Inspector's Sacrificial Knife",
				"count": 18
			},
			{
				"name": "Golden Raven Insignia",
				"count": 12
			}
		]
	}
}