{
	"name": "White Tassel",
	"description": "A standard-issue weapon of the Millelith soldiers. It has a sturdy shaft and sharp spearhead. It's a reliable weapon.",
	"weapontype": "Polearm",
	"rarity": "3",
	"baseatk": 39,
	"substat": "CRIT Rate",
	"subvalue": "5.1",
	"effectname": "Sharp",
	"effect": "Increases Normal Attack DMG by {0}.",
	"r1": [
		"24%"
	],
	"r2": [
		"30%"
	],
	"r3": [
		"36%"
	],
	"r4": [
		"42%"
	],
	"r5": [
		"48%"
	],
	"weaponmaterialtype": "Guyun",
	"costs": {
		"ascend1": [
			{
				"name": "Mora",
				"count": 5000
			},
			{
				"name": "Luminous Sands from Guyun",
				"count": 2
			},
			{
				"name": "Hunter's Sacrificial Knife",
				"count": 2
			},
			{
				"name": "Recruit's Insignia",
				"count": 1
			}
		],
		"ascend2": [
			{
				"name": "Mora",
				"count": 10000
			},
			{
				"name": "Lustrous Stone from Guyun",
				"count": 2
			},
			{
				"name": "Hunter's Sacrificial Knife",
				"count": 8
			},
			{
				"name": "Recruit's Insignia",
				"count": 5
			}
		],
		"ascend3": [
			{
				"name": "Mora",
				"count": 15000
			},
			{
				"name": "Lustrous Stone from Guyun",
				"count": 4
			},
			{
				"name": "Agent's Sacrificial Knife",
				"count": 4
			},
			{
				"name": "Sergeant's Insignia",
				"count": 4
			}
		],
		"ascend4": [
			{
				"name": "Mora",
				"count": 20000
			},
			{
				"name": "Relic from Guyun",
				"count": 2
			},
			{
				"name": "Agent's Sacrificial Knife",
				"count": 8
			},
			{
				"name": "Sergeant's Insignia",
				"count": 6
			}
		],
		"ascend5": [
			{
				"name": "Mora",
				"count": 25000
			},
			{
				"name": "Relic from Guyun",
				"count": 4
			},
			{
				"name": "Inspector's Sacrificial Knife",
				"count": 6
			},
			{
				"name": "Lieutenant's Insignia",
				"count": 4
			}
		],
		"ascend6": [
			{
				"name": "Mora",
				"count": 30000
			},
			{
				"name": "Divine Body from Guyun",
				"count": 3
			},
			{
				"name": "Inspector's Sacrificial Knife",
				"count": 12
			},
			{
				"name": "Lieutenant's Insignia",
				"count": 8
			}
		]
	}
}