{
	"name": "Windblume Ode",
	"description": "A bow adorned with nameless flowers that bears the earnest hopes of an equally nameless person.",
	"weapontype": "Bow",
	"rarity": "4",
	"baseatk": 42,
	"substat": "Elemental Mastery",
	"subvalue": "36",
	"effectname": "Windblume Wish",
	"effect": "After using an Elemental Skill, receive a boon from the ancient wish of the Windblume, increasing ATK by {0} for 6s.",
	"r1": [
		"16%"
	],
	"r2": [
		"20%"
	],
	"r3": [
		"24%"
	],
	"r4": [
		"28%"
	],
	"r5": [
		"32%"
	],
	"weaponmaterialtype": "",
	"costs": {
		"ascend1": [
			{
				"name": "Mora",
				"count": 5000
			},
			{
				"name": "Fetters of the Dandelion Gladiator",
				"count": 3
			},
			{
				"name": "Dead Ley Line Branch",
				"count": 3
			},
			{
				"name": "Whopperflower Nectar",
				"count": 2
			}
		],
		"ascend2": [
			{
				"name": "Mora",
				"count": 15000
			},
			{
				"name": "Chains of the Dandelion Gladiator",
				"count": 3
			},
			{
				"name": "Dead Ley Line Branch",
				"count": 12
			},
			{
				"name": "Whopperflower Nectar",
				"count": 8
			}
		],
		"ascend3": [
			{
				"name": "Mora",
				"count": 20000
			},
			{
				"name": "Chains of the Dandelion Gladiator",
				"count": 6
			},
			{
				"name": "Dead Ley Line Leaves",
				"count": 6
			},
			{
				"name": "Shimmering Nectar",
				"count": 6
			}
		],
		"ascend4": [
			{
				"name": "Mora",
				"count": 30000
			},
			{
				"name": "Shackles of the Dandelion Gladiator",
				"count": 3
			},
			{
				"name": "Dead Ley Line Leaves",
				"count": 12
			},
			{
				"name": "Shimmering Nectar",
				"count": 9
			}
		],
		"ascend5": [
			{
				"name": "Mora",
				"count": 35000
			},
			{
				"name": "Shackles of the Dandelion Gladiator",
				"count": 6
			},
			{
				"name": "Ley Line Sprout",
				"count": 9
			},
			{
				"name": "Energy Nectar",
				"count": 6
			}
		],
		"ascend6": [
			{
				"name": "Mora",
				"count": 45000
			},
			{
				"name": "Dream of the Dandelion Gladiator",
				"count": 4
			},
			{
				"name": "Ley Line Sprout",
				"count": 18
			},
			{
				"name": "Energy Nectar",
				"count": 12
			}
		]
	}
}