{
	"name": "Wine and Song",
	"description": "A songbook from the bygone aristocratic era, whose composer has become forgotten. It chronicles the tale of a certain heroic outlaw.",
	"weapontype": "Catalyst",
	"rarity": "4",
	"baseatk": 44,
	"substat": "Energy Recharge",
	"subvalue": "6.7",
	"effectname": "Ever-Changing",
	"effect": "Hitting an opponent with a Normal Attack decreases the Stamina consumption of Sprint or Alternate Sprint by {0} for 5s. Additionally, using a Sprint or Alternate Sprint ability increases ATK by {1} for 5s.",
	"r1": [
		"14%",
		"20%"
	],
	"r2": [
		"16%",
		"25%"
	],
	"r3": [
		"18%",
		"30%"
	],
	"r4": [
		"20%",
		"35%"
	],
	"r5": [
		"22%",
		"40%"
	],
	"weaponmaterialtype": "",
	"costs": {
		"ascend1": [
			{
				"name": "Mora",
				"count": 5000
			},
			{
				"name": "Boreal Wolf's Milk Tooth",
				"count": 3
			},
			{
				"name": "Dead Ley Line Branch",
				"count": 3
			},
			{
				"name": "Treasure Hoarder Insignia",
				"count": 2
			}
		],
		"ascend2": [
			{
				"name": "Mora",
				"count": 15000
			},
			{
				"name": "Boreal Wolf's Cracked Tooth",
				"count": 3
			},
			{
				"name": "Dead Ley Line Branch",
				"count": 12
			},
			{
				"name": "Treasure Hoarder Insignia",
				"count": 8
			}
		],
		"ascend3": [
			{
				"name": "Mora",
				"count": 20000
			},
			{
				"name": "Boreal Wolf's Cracked Tooth",
				"count": 6
			},
			{
				"name": "Dead Ley Line Leaves",
				"count": 6
			},
			{
				"name": "Silver Raven Insignia",
				"count": 6
			}
		],
		"ascend4": [
			{
				"name": "Mora",
				"count": 30000
			},
			{
				"name": "Boreal Wolf's Broken Fang",
				"count": 3
			},
			{
				"name": "Dead Ley Line Leaves",
				"count": 12
			},
			{
				"name": "Silver Raven Insignia",
				"count": 9
			}
		],
		"ascend5": [
			{
				"name": "Mora",
				"count": 35000
			},
			{
				"name": "Boreal Wolf's Broken Fang",
				"count": 6
			},
			{
				"name": "Ley Line Sprout",
				"count": 9
			},
			{
				"name": "Golden Raven Insignia",
				"count": 6
			}
		],
		"ascend6": [
			{
				"name": "Mora",
				"count": 45000
			},
			{
				"name": "Boreal Wolf's Nostalgia",
				"count": 4
			},
			{
				"name": "Ley Line Sprout",
				"count": 18
			},
			{
				"name": "Golden Raven Insignia",
				"count": 12
			}
		]
	}
}