{
	"name": "Albedo",
	"fullname": "Albedo",
	"title": "Kreideprinz",
	"description": "A genius known as the Kreideprinz, he is the Chief Alchemist and Captain of the Investigation Team of the Knights of Favonius.",
	"rarity": "5",
	"element": "Geo",
	"weapontype": "Sword",
	"substat": "Geo DMG Bonus",
	"gender": "Male",
	"body": "BOY",
	"association": "MONDSTADT",
	"region": "Mondstadt",
	"affiliation": "Knights of Favonius",
	"birthdaymmdd": "9/13",
	"birthday": "September 13",
	"constellation": "Princeps Cretaceus",
	"cv": {
		"english": "Khoi Dao",
		"chinese": "Mace",
		"japanese": "野島健児",
		"korean": "Kim Myeong-joon"
	},
	"costs": {
		"ascend1": [
			{
				"name": "Mora",
				"count": 20000
			},
			{
				"name": "Prithiva Topaz Sliver",
				"count": 1
			},
			{
				"name": "Cecilia",
				"count": 3
			},
			{
				"name": "Divining Scroll",
				"count": 3
			}
		],
		"ascend2": [
			{
				"name": "Mora",
				"count": 40000
			},
			{
				"name": "Prithiva Topaz Fragment",
				"count": 3
			},
			{
				"name": "Basalt Pillar",
				"count": 2
			},
			{
				"name": "Cecilia",
				"count": 10
			},
			{
				"name": "Divining Scroll",
				"count": 15
			}
		],
		"ascend3": [
			{
				"name": "Mora",
				"count": 60000
			},
			{
				"name": "Prithiva Topaz Fragment",
				"count": 6
			},
			{
				"name": "Basalt Pillar",
				"count": 4
			},
			{
				"name": "Cecilia",
				"count": 20
			},
			{
				"name": "Sealed Scroll",
				"count": 12
			}
		],
		"ascend4": [
			{
				"name": "Mora",
				"count": 80000
			},
			{
				"name": "Prithiva Topaz Chunk",
				"count": 3
			},
			{
				"name": "Basalt Pillar",
				"count": 8
			},
			{
				"name": "Cecilia",
				"count": 30
			},
			{
				"name": "Sealed Scroll",
				"count": 18
			}
		],
		"ascend5": [
			{
				"name": "Mora",
				"count": 100000
			},
			{
				"name": "Prithiva Topaz Chunk",
				"count": 6
			},
			{
				"name": "Basalt Pillar",
				"count": 12
			},
			{
				"name": "Cecilia",
				"count": 45
			},
			{
				"name": "Forbidden Curse Scroll",
				"count": 12
			}
		],
		"ascend6": [
			{
				"name": "Mora",
				"count": 120000
			},
			{
				"name": "Prithiva Topaz Gemstone",
				"count": 6
			},
			{
				"name": "Basalt Pillar",
				"count": 20
			},
			{
				"name": "Cecilia",
				"count": 60
			},
			{
				"name": "Forbidden Curse Scroll",
				"count": 24
			}
		]
	}
}