{
	"name": "Aloy",
	"fullname": "Aloy",
	"title": "Savior From Another World",
	"description": "Formerly an outcast, now a hunter of unparalleled skill. Ready to do the right thing at any time.",
	"rarity": "5",
	"element": "Cryo",
	"weapontype": "Bow",
	"substat": "Cryo DMG Bonus",
	"gender": "Female",
	"body": "GIRL",
	"association": "RANGER",
	"region": "",
	"affiliation": "Wandering Heroine",
	"birthdaymmdd": "4/4",
	"birthday": "April 4",
	"constellation": "Nora Fortis",
	"cv": {
		"english": "——",
		"chinese": "沐霏",
		"japanese": "高垣彩陽",
		"korean": "Jo Hyeon-jung"
	},
	"costs": {
		"ascend1": [
			{
				"name": "Mora",
				"count": 20000
			},
			{
				"name": "Shivada Jade Sliver",
				"count": 1
			},
			{
				"name": "Crystal Marrow",
				"count": 3
			},
			{
				"name": "Spectral Husk",
				"count": 3
			}
		],
		"ascend2": [
			{
				"name": "Mora",
				"count": 40000
			},
			{
				"name": "Shivada Jade Fragment",
				"count": 3
			},
			{
				"name": "Crystalline Bloom",
				"count": 2
			},
			{
				"name": "Crystal Marrow",
				"count": 10
			},
			{
				"name": "Spectral Husk",
				"count": 15
			}
		],
		"ascend3": [
			{
				"name": "Mora",
				"count": 60000
			},
			{
				"name": "Shivada Jade Fragment",
				"count": 6
			},
			{
				"name": "Crystalline Bloom",
				"count": 4
			},
			{
				"name": "Crystal Marrow",
				"count": 20
			},
			{
				"name": "Spectral Heart",
				"count": 12
			}
		],
		"ascend4": [
			{
				"name": "Mora",
				"count": 80000
			},
			{
				"name": "Shivada Jade Chunk",
				"count": 3
			},
			{
				"name": "Crystalline Bloom",
				"count": 8
			},
			{
				"name": "Crystal Marrow",
				"count": 30
			},
			{
				"name": "Spectral Heart",
				"count": 18
			}
		],
		"ascend5": [
			{
				"name": "Mora",
				"count": 100000
			},
			{
				"name": "Shivada Jade Chunk",
				"count": 6
			},
			{
				"name": "Crystalline Bloom",
				"count": 12
			},
			{
				"name": "Crystal Marrow",
				"count": 45
			},
			{
				"name": "Spectral Nucleus",
				"count": 12
			}
		],
		"ascend6": [
			{
				"name": "Mora",
				"count": 120000
			},
			{
				"name": "Shivada Jade Gemstone",
				"count": 6
			},
			{
				"name": "Crystalline Bloom",
				"count": 20
			},
			{
				"name": "Crystal Marrow",
				"count": 60
			},
			{
				"name": "Spectral Nucleus",
				"count": 24
			}
		]
	}
}