{
	"name": "Amber",
	"fullname": "Amber",
	"title": "Gliding Champion",
	"description": "Always energetic and full of life, Amber's the best — albeit only — Outrider of the Knights of Favonius.",
	"rarity": "4",
	"element": "Pyro",
	"weapontype": "Bow",
	"substat": "ATK",
	"gender": "Female",
	"body": "GIRL",
	"association": "MONDSTADT",
	"region": "Mondstadt",
	"affiliation": "Knights of Favonius",
	"birthdaymmdd": "8/10",
	"birthday": "August 10",
	"constellation": "Lepus",
	"cv": {
		"english": "Kelly Baskin",
		"chinese": "蔡书瑾",
		"japanese": "石見舞菜香",
		"korean": "Kim Yeon-woo"
	},
	"costs": {
		"ascend1": [
			{
				"name": "Mora",
				"count": 20000
			},
			{
				"name": "Agnidus Agate Sliver",
				"count": 1
			},
			{
				"name": "Small Lamp Grass",
				"count": 3
			},
			{
				"name": "Firm Arrowhead",
				"count": 3
			}
		],
		"ascend2": [
			{
				"name": "Mora",
				"count": 40000
			},
			{
				"name": "Agnidus Agate Fragment",
				"count": 3
			},
			{
				"name": "Everflame Seed",
				"count": 2
			},
			{
				"name": "Small Lamp Grass",
				"count": 10
			},
			{
				"name": "Firm Arrowhead",
				"count": 15
			}
		],
		"ascend3": [
			{
				"name": "Mora",
				"count": 60000
			},
			{
				"name": "Agnidus Agate Fragment",
				"count": 6
			},
			{
				"name": "Everflame Seed",
				"count": 4
			},
			{
				"name": "Small Lamp Grass",
				"count": 20
			},
			{
				"name": "Sharp Arrowhead",
				"count": 12
			}
		],
		"ascend4": [
			{
				"name": "Mora",
				"count": 80000
			},
			{
				"name": "Agnidus Agate Chunk",
				"count": 3
			},
			{
				"name": "Everflame Seed",
				"count": 8
			},
			{
				"name": "Small Lamp Grass",
				"count": 30
			},
			{
				"name": "Sharp Arrowhead",
				"count": 18
			}
		],
		"ascend5": [
			{
				"name": "Mora",
				"count": 100000
			},
			{
				"name": "Agnidus Agate Chunk",
				"count": 6
			},
			{
				"name": "Everflame Seed",
				"count": 12
			},
			{
				"name": "Small Lamp Grass",
				"count": 45
			},
			{
				"name": "Weathered Arrowhead",
				"count": 12
			}
		],
		"ascend6": [
			{
				"name": "Mora",
				"count": 120000
			},
			{
				"name": "Agnidus Agate Gemstone",
				"count": 6
			},
			{
				"name": "Everflame Seed",
				"count": 20
			},
			{
				"name": "Small Lamp Grass",
				"count": 60
			},
			{
				"name": "Weathered Arrowhead",
				"count": 24
			}
		]
	}
}