{
	"name": "Arataki Itto",
	"fullname": "Arataki Itto",
	"title": "Hanamizaka Heroics",
	"description": "The first and greatest head of the Arataki Gang, famed throughout Inazuma City's Hanamizaka... Wait, what? You've never heard of them? Are you trying to be funny here?",
	"rarity": "5",
	"element": "Geo",
	"weapontype": "Claymore",
	"substat": "CRIT Rate",
	"gender": "Male",
	"body": "MALE",
	"association": "INAZUMA",
	"region": "Inazuma",
	"affiliation": "Arataki Gang",
	"birthdaymmdd": "6/1",
	"birthday": "June 1",
	"constellation": "Taurus Iracundus",
	"cv": {
		"english": "Max Mittelman",
		"chinese": "刘照坤",
		"japanese": "西川貴教",
		"korean": "Song Jun-seok"
	},
	"costs": {
		"ascend1": [
			{
				"name": "Mora",
				"count": 20000
			},
			{
				"name": "Prithiva Topaz Sliver",
				"count": 1
			},
			{
				"name": "Onikabuto",
				"count": 3
			},
			{
				"name": "Slime Condensate",
				"count": 3
			}
		],
		"ascend2": [
			{
				"name": "Mora",
				"count": 40000
			},
			{
				"name": "Prithiva Topaz Fragment",
				"count": 3
			},
			{
				"name": "Riftborn Regalia",
				"count": 2
			},
			{
				"name": "Onikabuto",
				"count": 10
			},
			{
				"name": "Slime Condensate",
				"count": 15
			}
		],
		"ascend3": [
			{
				"name": "Mora",
				"count": 60000
			},
			{
				"name": "Prithiva Topaz Fragment",
				"count": 6
			},
			{
				"name": "Riftborn Regalia",
				"count": 4
			},
			{
				"name": "Onikabuto",
				"count": 20
			},
			{
				"name": "Slime Secretions",
				"count": 12
			}
		],
		"ascend4": [
			{
				"name": "Mora",
				"count": 80000
			},
			{
				"name": "Prithiva Topaz Chunk",
				"count": 3
			},
			{
				"name": "Riftborn Regalia",
				"count": 8
			},
			{
				"name": "Onikabuto",
				"count": 30
			},
			{
				"name": "Slime Secretions",
				"count": 18
			}
		],
		"ascend5": [
			{
				"name": "Mora",
				"count": 100000
			},
			{
				"name": "Prithiva Topaz Chunk",
				"count": 6
			},
			{
				"name": "Riftborn Regalia",
				"count": 12
			},
			{
				"name": "Onikabuto",
				"count": 45
			},
			{
				"name": "Slime Concentrate",
				"count": 12
			}
		],
		"ascend6": [
			{
				"name": "Mora",
				"count": 120000
			},
			{
				"name": "Prithiva Topaz Gemstone",
				"count": 6
			},
			{
				"name": "Riftborn Regalia",
				"count": 20
			},
			{
				"name": "Onikabuto",
				"count": 60
			},
			{
				"name": "Slime Concentrate",
				"count": 24
			}
		]
	}
}