{
	"name": "Barbara",
	"fullname": "Barbara",
	"title": "Shining Idol",
	"description": "Every citizen of Mondstadt adores Barbara. She learned the word \"idol\" from a magazine.",
	"rarity": "4",
	"element": "Hydro",
	"weapontype": "Catalyst",
	"substat": "HP",
	"gender": "Female",
	"body": "GIRL",
	"association": "MONDSTADT",
	"region": "Mondstadt",
	"affiliation": "Church of Favonius",
	"birthdaymmdd": "7/5",
	"birthday": "July 5",
	"constellation": "Crater",
	"cv": {
		"english": "Laura Stahl",
		"chinese": "宋媛媛",
		"japanese": "鬼頭明里",
		"korean": "Yoon Ah-young"
	},
	"costs": {
		"ascend1": [
			{
				"name": "Mora",
				"count": 20000
			},
			{
				"name": "Varunada Lazurite Sliver",
				"count": 1
			},
			{
				"name": "Philanemo Mushroom",
				"count": 3
			},
			{
				"name": "Divining Scroll",
				"count": 3
			}
		],
		"ascend2": [
			{
				"name": "Mora",
				"count": 40000
			},
			{
				"name": "Varunada Lazurite Fragment",
				"count": 3
			},
			{
				"name": "Cleansing Heart",
				"count": 2
			},
			{
				"name": "Philanemo Mushroom",
				"count": 10
			},
			{
				"name": "Divining Scroll",
				"count": 15
			}
		],
		"ascend3": [
			{
				"name": "Mora",
				"count": 60000
			},
			{
				"name": "Varunada Lazurite Fragment",
				"count": 6
			},
			{
				"name": "Cleansing Heart",
				"count": 4
			},
			{
				"name": "Philanemo Mushroom",
				"count": 20
			},
			{
				"name": "Sealed Scroll",
				"count": 12
			}
		],
		"ascend4": [
			{
				"name": "Mora",
				"count": 80000
			},
			{
				"name": "Varunada Lazurite Chunk",
				"count": 3
			},
			{
				"name": "Cleansing Heart",
				"count": 8
			},
			{
				"name": "Philanemo Mushroom",
				"count": 30
			},
			{
				"name": "Sealed Scroll",
				"count": 18
			}
		],
		"ascend5": [
			{
				"name": "Mora",
				"count": 100000
			},
			{
				"name": "Varunada Lazurite Chunk",
				"count": 6
			},
			{
				"name": "Cleansing Heart",
				"count": 12
			},
			{
				"name": "Philanemo Mushroom",
				"count": 45
			},
			{
				"name": "Forbidden Curse Scroll",
				"count": 12
			}
		],
		"ascend6": [
			{
				"name": "Mora",
				"count": 120000
			},
			{
				"name": "Varunada Lazurite Gemstone",
				"count": 6
			},
			{
				"name": "Cleansing Heart",
				"count": 20
			},
			{
				"name": "Philanemo Mushroom",
				"count": 60
			},
			{
				"name": "Forbidden Curse Scroll",
				"count": 24
			}
		]
	}
}