{
	"name": "Beidou",
	"fullname": "Beidou",
	"title": "Uncrowned Lord of the Ocean",
	"description": "Captain of her crew, The Crux. She's quite an unbound and forthright woman.",
	"rarity": "4",
	"element": "Electro",
	"weapontype": "Claymore",
	"substat": "Electro DMG Bonus",
	"gender": "Female",
	"body": "LADY",
	"association": "LIYUE",
	"region": "Liyue",
	"affiliation": "The Crux",
	"birthdaymmdd": "2/14",
	"birthday": "February 14",
	"constellation": "Victor Mare",
	"cv": {
		"english": "Allegra Clark",
		"chinese": "唐雅菁",
		"japanese": "小清水亜美",
		"korean": "Jung Yoo-mi"
	},
	"costs": {
		"ascend1": [
			{
				"name": "Mora",
				"count": 20000
			},
			{
				"name": "Vajrada Amethyst Sliver",
				"count": 1
			},
			{
				"name": "Noctilucous Jade",
				"count": 3
			},
			{
				"name": "Treasure Hoarder Insignia",
				"count": 3
			}
		],
		"ascend2": [
			{
				"name": "Mora",
				"count": 40000
			},
			{
				"name": "Vajrada Amethyst Fragment",
				"count": 3
			},
			{
				"name": "Lightning Prism",
				"count": 2
			},
			{
				"name": "Noctilucous Jade",
				"count": 10
			},
			{
				"name": "Treasure Hoarder Insignia",
				"count": 15
			}
		],
		"ascend3": [
			{
				"name": "Mora",
				"count": 60000
			},
			{
				"name": "Vajrada Amethyst Fragment",
				"count": 6
			},
			{
				"name": "Lightning Prism",
				"count": 4
			},
			{
				"name": "Noctilucous Jade",
				"count": 20
			},
			{
				"name": "Silver Raven Insignia",
				"count": 12
			}
		],
		"ascend4": [
			{
				"name": "Mora",
				"count": 80000
			},
			{
				"name": "Vajrada Amethyst Chunk",
				"count": 3
			},
			{
				"name": "Lightning Prism",
				"count": 8
			},
			{
				"name": "Noctilucous Jade",
				"count": 30
			},
			{
				"name": "Silver Raven Insignia",
				"count": 18
			}
		],
		"ascend5": [
			{
				"name": "Mora",
				"count": 100000
			},
			{
				"name": "Vajrada Amethyst Chunk",
				"count": 6
			},
			{
				"name": "Lightning Prism",
				"count": 12
			},
			{
				"name": "Noctilucous Jade",
				"count": 45
			},
			{
				"name": "Golden Raven Insignia",
				"count": 12
			}
		],
		"ascend6": [
			{
				"name": "Mora",
				"count": 120000
			},
			{
				"name": "Vajrada Amethyst Gemstone",
				"count": 6
			},
			{
				"name": "Lightning Prism",
				"count": 20
			},
			{
				"name": "Noctilucous Jade",
				"count": 60
			},
			{
				"name": "Golden Raven Insignia",
				"count": 24
			}
		]
	}
}