{
	"name": "Bennett",
	"fullname": "Bennett",
	"title": "Trial by Fire",
	"description": "A good-natured adventurer from Mondstadt who's unfortunately extremely unlucky.",
	"rarity": "4",
	"element": "Pyro",
	"weapontype": "Sword",
	"substat": "Energy Recharge",
	"gender": "Male",
	"body": "BOY",
	"association": "MONDSTADT",
	"region": "Mondstadt",
	"affiliation": "Adventurers' Guild",
	"birthdaymmdd": "2/29",
	"birthday": "February 29",
	"constellation": "Rota Calamitas",
	"cv": {
		"english": "Cristina Vee Valenzuela",
		"chinese": "穆雪婷",
		"japanese": "逢坂良太",
		"korean": "Song Ha-rim"
	},
	"costs": {
		"ascend1": [
			{
				"name": "Mora",
				"count": 20000
			},
			{
				"name": "Agnidus Agate Sliver",
				"count": 1
			},
			{
				"name": "Windwheel Aster",
				"count": 3
			},
			{
				"name": "Treasure Hoarder Insignia",
				"count": 3
			}
		],
		"ascend2": [
			{
				"name": "Mora",
				"count": 40000
			},
			{
				"name": "Agnidus Agate Fragment",
				"count": 3
			},
			{
				"name": "Everflame Seed",
				"count": 2
			},
			{
				"name": "Windwheel Aster",
				"count": 10
			},
			{
				"name": "Treasure Hoarder Insignia",
				"count": 15
			}
		],
		"ascend3": [
			{
				"name": "Mora",
				"count": 60000
			},
			{
				"name": "Agnidus Agate Fragment",
				"count": 6
			},
			{
				"name": "Everflame Seed",
				"count": 4
			},
			{
				"name": "Windwheel Aster",
				"count": 20
			},
			{
				"name": "Silver Raven Insignia",
				"count": 12
			}
		],
		"ascend4": [
			{
				"name": "Mora",
				"count": 80000
			},
			{
				"name": "Agnidus Agate Chunk",
				"count": 3
			},
			{
				"name": "Everflame Seed",
				"count": 8
			},
			{
				"name": "Windwheel Aster",
				"count": 30
			},
			{
				"name": "Silver Raven Insignia",
				"count": 18
			}
		],
		"ascend5": [
			{
				"name": "Mora",
				"count": 100000
			},
			{
				"name": "Agnidus Agate Chunk",
				"count": 6
			},
			{
				"name": "Everflame Seed",
				"count": 12
			},
			{
				"name": "Windwheel Aster",
				"count": 45
			},
			{
				"name": "Golden Raven Insignia",
				"count": 12
			}
		],
		"ascend6": [
			{
				"name": "Mora",
				"count": 120000
			},
			{
				"name": "Agnidus Agate Gemstone",
				"count": 6
			},
			{
				"name": "Everflame Seed",
				"count": 20
			},
			{
				"name": "Windwheel Aster",
				"count": 60
			},
			{
				"name": "Golden Raven Insignia",
				"count": 24
			}
		]
	}
}