{
	"name": "Chongyun",
	"fullname": "Chongyun",
	"title": "Frozen Ardor",
	"description": "A young exorcist from a family of exorcists. He does everything he can to suppress his abundance of yang energy.",
	"rarity": "4",
	"element": "Cryo",
	"weapontype": "Claymore",
	"substat": "ATK",
	"gender": "Male",
	"body": "BOY",
	"association": "LIYUE",
	"region": "Liyue",
	"affiliation": "Liyue Harbor",
	"birthdaymmdd": "9/7",
	"birthday": "September 7",
	"constellation": "Nubis Caesor",
	"cv": {
		"english": "Beau Bridgland",
		"chinese": "kinsen",
		"japanese": "斉藤壮馬",
		"korean": "Yang Jeong-hwa"
	},
	"costs": {
		"ascend1": [
			{
				"name": "Mora",
				"count": 20000
			},
			{
				"name": "Shivada Jade Sliver",
				"count": 1
			},
			{
				"name": "Cor Lapis",
				"count": 3
			},
			{
				"name": "Damaged Mask",
				"count": 3
			}
		],
		"ascend2": [
			{
				"name": "Mora",
				"count": 40000
			},
			{
				"name": "Shivada Jade Fragment",
				"count": 3
			},
			{
				"name": "Hoarfrost Core",
				"count": 2
			},
			{
				"name": "Cor Lapis",
				"count": 10
			},
			{
				"name": "Damaged Mask",
				"count": 15
			}
		],
		"ascend3": [
			{
				"name": "Mora",
				"count": 60000
			},
			{
				"name": "Shivada Jade Fragment",
				"count": 6
			},
			{
				"name": "Hoarfrost Core",
				"count": 4
			},
			{
				"name": "Cor Lapis",
				"count": 20
			},
			{
				"name": "Stained Mask",
				"count": 12
			}
		],
		"ascend4": [
			{
				"name": "Mora",
				"count": 80000
			},
			{
				"name": "Shivada Jade Chunk",
				"count": 3
			},
			{
				"name": "Hoarfrost Core",
				"count": 8
			},
			{
				"name": "Cor Lapis",
				"count": 30
			},
			{
				"name": "Stained Mask",
				"count": 18
			}
		],
		"ascend5": [
			{
				"name": "Mora",
				"count": 100000
			},
			{
				"name": "Shivada Jade Chunk",
				"count": 6
			},
			{
				"name": "Hoarfrost Core",
				"count": 12
			},
			{
				"name": "Cor Lapis",
				"count": 45
			},
			{
				"name": "Ominous Mask",
				"count": 12
			}
		],
		"ascend6": [
			{
				"name": "Mora",
				"count": 120000
			},
			{
				"name": "Shivada Jade Gemstone",
				"count": 6
			},
			{
				"name": "Hoarfrost Core",
				"count": 20
			},
			{
				"name": "Cor Lapis",
				"count": 60
			},
			{
				"name": "Ominous Mask",
				"count": 24
			}
		]
	}
}