{
	"name": "Diluc",
	"fullname": "Diluc",
	"title": "The Dark Side of Dawn",
	"description": "The tycoon of a winery empire in Mondstadt, unmatched in every possible way.",
	"rarity": "5",
	"element": "Pyro",
	"weapontype": "Claymore",
	"substat": "CRIT Rate",
	"gender": "Male",
	"body": "MALE",
	"association": "MONDSTADT",
	"region": "Mondstadt",
	"affiliation": "Dawn Winery",
	"birthdaymmdd": "4/30",
	"birthday": "April 30",
	"constellation": "Noctua",
	"cv": {
		"english": "Sean Chiplock",
		"chinese": "马洋",
		"japanese": "小野賢章",
		"korean": "Choi Seung-hoon"
	},
	"costs": {
		"ascend1": [
			{
				"name": "Mora",
				"count": 20000
			},
			{
				"name": "Agnidus Agate Sliver",
				"count": 1
			},
			{
				"name": "Small Lamp Grass",
				"count": 3
			},
			{
				"name": "Recruit's Insignia",
				"count": 3
			}
		],
		"ascend2": [
			{
				"name": "Mora",
				"count": 40000
			},
			{
				"name": "Agnidus Agate Fragment",
				"count": 3
			},
			{
				"name": "Everflame Seed",
				"count": 2
			},
			{
				"name": "Small Lamp Grass",
				"count": 10
			},
			{
				"name": "Recruit's Insignia",
				"count": 15
			}
		],
		"ascend3": [
			{
				"name": "Mora",
				"count": 60000
			},
			{
				"name": "Agnidus Agate Fragment",
				"count": 6
			},
			{
				"name": "Everflame Seed",
				"count": 4
			},
			{
				"name": "Small Lamp Grass",
				"count": 20
			},
			{
				"name": "Sergeant's Insignia",
				"count": 12
			}
		],
		"ascend4": [
			{
				"name": "Mora",
				"count": 80000
			},
			{
				"name": "Agnidus Agate Chunk",
				"count": 3
			},
			{
				"name": "Everflame Seed",
				"count": 8
			},
			{
				"name": "Small Lamp Grass",
				"count": 30
			},
			{
				"name": "Sergeant's Insignia",
				"count": 18
			}
		],
		"ascend5": [
			{
				"name": "Mora",
				"count": 100000
			},
			{
				"name": "Agnidus Agate Chunk",
				"count": 6
			},
			{
				"name": "Everflame Seed",
				"count": 12
			},
			{
				"name": "Small Lamp Grass",
				"count": 45
			},
			{
				"name": "Lieutenant's Insignia",
				"count": 12
			}
		],
		"ascend6": [
			{
				"name": "Mora",
				"count": 120000
			},
			{
				"name": "Agnidus Agate Gemstone",
				"count": 6
			},
			{
				"name": "Everflame Seed",
				"count": 20
			},
			{
				"name": "Small Lamp Grass",
				"count": 60
			},
			{
				"name": "Lieutenant's Insignia",
				"count": 24
			}
		]
	}
}