{
	"name": "Diona",
	"fullname": "Diona",
	"title": "Kätzlein Cocktail",
	"description": "A young lady who has inherited trace amounts of non-human blood. She is the incredibly popular bartender of the Cat's Tail tavern.",
	"rarity": "4",
	"element": "Cryo",
	"weapontype": "Bow",
	"substat": "Cryo DMG Bonus",
	"gender": "Female",
	"body": "LOLI",
	"association": "MONDSTADT",
	"region": "Mondstadt",
	"affiliation": "The Cat's Tail",
	"birthdaymmdd": "1/18",
	"birthday": "January 18",
	"constellation": "Feles",
	"cv": {
		"english": "Dina Sherman",
		"chinese": "诺亚",
		"japanese": "井澤詩織",
		"korean": "Woo Jeong-shin"
	},
	"costs": {
		"ascend1": [
			{
				"name": "Mora",
				"count": 20000
			},
			{
				"name": "Shivada Jade Sliver",
				"count": 1
			},
			{
				"name": "Calla Lily",
				"count": 3
			},
			{
				"name": "Firm Arrowhead",
				"count": 3
			}
		],
		"ascend2": [
			{
				"name": "Mora",
				"count": 40000
			},
			{
				"name": "Shivada Jade Fragment",
				"count": 3
			},
			{
				"name": "Hoarfrost Core",
				"count": 2
			},
			{
				"name": "Calla Lily",
				"count": 10
			},
			{
				"name": "Firm Arrowhead",
				"count": 15
			}
		],
		"ascend3": [
			{
				"name": "Mora",
				"count": 60000
			},
			{
				"name": "Shivada Jade Fragment",
				"count": 6
			},
			{
				"name": "Hoarfrost Core",
				"count": 4
			},
			{
				"name": "Calla Lily",
				"count": 20
			},
			{
				"name": "Sharp Arrowhead",
				"count": 12
			}
		],
		"ascend4": [
			{
				"name": "Mora",
				"count": 80000
			},
			{
				"name": "Shivada Jade Chunk",
				"count": 3
			},
			{
				"name": "Hoarfrost Core",
				"count": 8
			},
			{
				"name": "Calla Lily",
				"count": 30
			},
			{
				"name": "Sharp Arrowhead",
				"count": 18
			}
		],
		"ascend5": [
			{
				"name": "Mora",
				"count": 100000
			},
			{
				"name": "Shivada Jade Chunk",
				"count": 6
			},
			{
				"name": "Hoarfrost Core",
				"count": 12
			},
			{
				"name": "Calla Lily",
				"count": 45
			},
			{
				"name": "Weathered Arrowhead",
				"count": 12
			}
		],
		"ascend6": [
			{
				"name": "Mora",
				"count": 120000
			},
			{
				"name": "Shivada Jade Gemstone",
				"count": 6
			},
			{
				"name": "Hoarfrost Core",
				"count": 20
			},
			{
				"name": "Calla Lily",
				"count": 60
			},
			{
				"name": "Weathered Arrowhead",
				"count": 24
			}
		]
	}
}