{
	"name": "Eula",
	"fullname": "Eula",
	"title": "Dance of the Shimmering Wave",
	"description": "The Spindrift Knight, a scion of the old aristocracy, and the Captain of the Knights of Favonius Reconnaissance Company. The reason for which a descendant of the ancient nobles might join the Knights remains a great mystery in Mondstadt to this very day.",
	"rarity": "5",
	"element": "Cryo",
	"weapontype": "Claymore",
	"substat": "CRIT DMG",
	"gender": "Female",
	"body": "LADY",
	"association": "MONDSTADT",
	"region": "Mondstadt",
	"affiliation": "Knights of Favonius",
	"birthdaymmdd": "10/25",
	"birthday": "October 25",
	"constellation": "Aphros Delos",
	"cv": {
		"english": "Suzie Yeung",
		"chinese": "子音",
		"japanese": "佐藤利奈",
		"korean": "Kim Hyeon-ji"
	},
	"costs": {
		"ascend1": [
			{
				"name": "Mora",
				"count": 20000
			},
			{
				"name": "Shivada Jade Sliver",
				"count": 1
			},
			{
				"name": "Dandelion Seed",
				"count": 3
			},
			{
				"name": "Damaged Mask",
				"count": 3
			}
		],
		"ascend2": [
			{
				"name": "Mora",
				"count": 40000
			},
			{
				"name": "Shivada Jade Fragment",
				"count": 3
			},
			{
				"name": "Crystalline Bloom",
				"count": 2
			},
			{
				"name": "Dandelion Seed",
				"count": 10
			},
			{
				"name": "Damaged Mask",
				"count": 15
			}
		],
		"ascend3": [
			{
				"name": "Mora",
				"count": 60000
			},
			{
				"name": "Shivada Jade Fragment",
				"count": 6
			},
			{
				"name": "Crystalline Bloom",
				"count": 4
			},
			{
				"name": "Dandelion Seed",
				"count": 20
			},
			{
				"name": "Stained Mask",
				"count": 12
			}
		],
		"ascend4": [
			{
				"name": "Mora",
				"count": 80000
			},
			{
				"name": "Shivada Jade Chunk",
				"count": 3
			},
			{
				"name": "Crystalline Bloom",
				"count": 8
			},
			{
				"name": "Dandelion Seed",
				"count": 30
			},
			{
				"name": "Stained Mask",
				"count": 18
			}
		],
		"ascend5": [
			{
				"name": "Mora",
				"count": 100000
			},
			{
				"name": "Shivada Jade Chunk",
				"count": 6
			},
			{
				"name": "Crystalline Bloom",
				"count": 12
			},
			{
				"name": "Dandelion Seed",
				"count": 45
			},
			{
				"name": "Ominous Mask",
				"count": 12
			}
		],
		"ascend6": [
			{
				"name": "Mora",
				"count": 120000
			},
			{
				"name": "Shivada Jade Gemstone",
				"count": 6
			},
			{
				"name": "Crystalline Bloom",
				"count": 20
			},
			{
				"name": "Dandelion Seed",
				"count": 60
			},
			{
				"name": "Ominous Mask",
				"count": 24
			}
		]
	}
}