{
	"name": "Ganyu",
	"fullname": "Ganyu",
	"title": "Plenilune Gaze",
	"description": "The secretary at Yuehai Pavilion. The blood of the qilin, an illuminated beast, flows within her veins.",
	"rarity": "5",
	"element": "Cryo",
	"weapontype": "Bow",
	"substat": "CRIT DMG",
	"gender": "Female",
	"body": "GIRL",
	"association": "LIYUE",
	"region": "Liyue",
	"affiliation": "Yuehai Pavilion",
	"birthdaymmdd": "12/2",
	"birthday": "December 2",
	"constellation": "Sinae Unicornis",
	"cv": {
		"english": "Jennifer Losi",
		"chinese": "林簌",
		"japanese": "上田麗奈",
		"korean": "Kim Seon-hye"
	},
	"costs": {
		"ascend1": [
			{
				"name": "Mora",
				"count": 20000
			},
			{
				"name": "Shivada Jade Sliver",
				"count": 1
			},
			{
				"name": "Qingxin",
				"count": 3
			},
			{
				"name": "Whopperflower Nectar",
				"count": 3
			}
		],
		"ascend2": [
			{
				"name": "Mora",
				"count": 40000
			},
			{
				"name": "Shivada Jade Fragment",
				"count": 3
			},
			{
				"name": "Hoarfrost Core",
				"count": 2
			},
			{
				"name": "Qingxin",
				"count": 10
			},
			{
				"name": "Whopperflower Nectar",
				"count": 15
			}
		],
		"ascend3": [
			{
				"name": "Mora",
				"count": 60000
			},
			{
				"name": "Shivada Jade Fragment",
				"count": 6
			},
			{
				"name": "Hoarfrost Core",
				"count": 4
			},
			{
				"name": "Qingxin",
				"count": 20
			},
			{
				"name": "Shimmering Nectar",
				"count": 12
			}
		],
		"ascend4": [
			{
				"name": "Mora",
				"count": 80000
			},
			{
				"name": "Shivada Jade Chunk",
				"count": 3
			},
			{
				"name": "Hoarfrost Core",
				"count": 8
			},
			{
				"name": "Qingxin",
				"count": 30
			},
			{
				"name": "Shimmering Nectar",
				"count": 18
			}
		],
		"ascend5": [
			{
				"name": "Mora",
				"count": 100000
			},
			{
				"name": "Shivada Jade Chunk",
				"count": 6
			},
			{
				"name": "Hoarfrost Core",
				"count": 12
			},
			{
				"name": "Qingxin",
				"count": 45
			},
			{
				"name": "Energy Nectar",
				"count": 12
			}
		],
		"ascend6": [
			{
				"name": "Mora",
				"count": 120000
			},
			{
				"name": "Shivada Jade Gemstone",
				"count": 6
			},
			{
				"name": "Hoarfrost Core",
				"count": 20
			},
			{
				"name": "Qingxin",
				"count": 60
			},
			{
				"name": "Energy Nectar",
				"count": 24
			}
		]
	}
}