{
	"name": "Gorou",
	"fullname": "Gorou",
	"title": "Canine Warrior",
	"description": "The great general of Watatsumi Island's forces. He is deeply trusted by his subordinates.",
	"rarity": "4",
	"element": "Geo",
	"weapontype": "Bow",
	"substat": "Geo DMG Bonus",
	"gender": "Male",
	"body": "BOY",
	"association": "INAZUMA",
	"region": "Inazuma",
	"affiliation": "Watatsumi Island",
	"birthdaymmdd": "5/18",
	"birthday": "May 18",
	"constellation": "Canis Bellatoris",
	"cv": {
		"english": "Cory Yee",
		"chinese": "杨昕燃",
		"japanese": "畠中祐",
		"korean": "Lee Sae-byeok"
	},
	"costs": {
		"ascend1": [
			{
				"name": "Mora",
				"count": 20000
			},
			{
				"name": "Prithiva Topaz Sliver",
				"count": 1
			},
			{
				"name": "Sango Pearl",
				"count": 3
			},
			{
				"name": "Spectral Husk",
				"count": 3
			}
		],
		"ascend2": [
			{
				"name": "Mora",
				"count": 40000
			},
			{
				"name": "Prithiva Topaz Fragment",
				"count": 3
			},
			{
				"name": "Perpetual Heart",
				"count": 2
			},
			{
				"name": "Sango Pearl",
				"count": 10
			},
			{
				"name": "Spectral Husk",
				"count": 15
			}
		],
		"ascend3": [
			{
				"name": "Mora",
				"count": 60000
			},
			{
				"name": "Prithiva Topaz Fragment",
				"count": 6
			},
			{
				"name": "Perpetual Heart",
				"count": 4
			},
			{
				"name": "Sango Pearl",
				"count": 20
			},
			{
				"name": "Spectral Heart",
				"count": 12
			}
		],
		"ascend4": [
			{
				"name": "Mora",
				"count": 80000
			},
			{
				"name": "Prithiva Topaz Chunk",
				"count": 3
			},
			{
				"name": "Perpetual Heart",
				"count": 8
			},
			{
				"name": "Sango Pearl",
				"count": 30
			},
			{
				"name": "Spectral Heart",
				"count": 18
			}
		],
		"ascend5": [
			{
				"name": "Mora",
				"count": 100000
			},
			{
				"name": "Prithiva Topaz Chunk",
				"count": 6
			},
			{
				"name": "Perpetual Heart",
				"count": 12
			},
			{
				"name": "Sango Pearl",
				"count": 45
			},
			{
				"name": "Spectral Nucleus",
				"count": 12
			}
		],
		"ascend6": [
			{
				"name": "Mora",
				"count": 120000
			},
			{
				"name": "Prithiva Topaz Gemstone",
				"count": 6
			},
			{
				"name": "Perpetual Heart",
				"count": 20
			},
			{
				"name": "Sango Pearl",
				"count": 60
			},
			{
				"name": "Spectral Nucleus",
				"count": 24
			}
		]
	}
}