{
	"name": "Hu Tao",
	"fullname": "Hu Tao",
	"title": "Fragrance in Thaw",
	"description": "The 77th Director of the Wangsheng Funeral Parlor. She took over the business at a rather young age.",
	"rarity": "5",
	"element": "Pyro",
	"weapontype": "Polearm",
	"substat": "CRIT DMG",
	"gender": "Female",
	"body": "GIRL",
	"association": "LIYUE",
	"region": "Liyue",
	"affiliation": "Wangsheng Funeral Parlor",
	"birthdaymmdd": "7/15",
	"birthday": "July 15",
	"constellation": "Papilio Charontis",
	"cv": {
		"english": "Brianna Knickerbocker",
		"chinese": "陶典",
		"japanese": "高橋李依",
		"korean": "Kim Ha-ru"
	},
	"costs": {
		"ascend1": [
			{
				"name": "Mora",
				"count": 20000
			},
			{
				"name": "Agnidus Agate Sliver",
				"count": 1
			},
			{
				"name": "Silk Flower",
				"count": 3
			},
			{
				"name": "Whopperflower Nectar",
				"count": 3
			}
		],
		"ascend2": [
			{
				"name": "Mora",
				"count": 40000
			},
			{
				"name": "Agnidus Agate Fragment",
				"count": 3
			},
			{
				"name": "Juvenile Jade",
				"count": 2
			},
			{
				"name": "Silk Flower",
				"count": 10
			},
			{
				"name": "Whopperflower Nectar",
				"count": 15
			}
		],
		"ascend3": [
			{
				"name": "Mora",
				"count": 60000
			},
			{
				"name": "Agnidus Agate Fragment",
				"count": 6
			},
			{
				"name": "Juvenile Jade",
				"count": 4
			},
			{
				"name": "Silk Flower",
				"count": 20
			},
			{
				"name": "Shimmering Nectar",
				"count": 12
			}
		],
		"ascend4": [
			{
				"name": "Mora",
				"count": 80000
			},
			{
				"name": "Agnidus Agate Chunk",
				"count": 3
			},
			{
				"name": "Juvenile Jade",
				"count": 8
			},
			{
				"name": "Silk Flower",
				"count": 30
			},
			{
				"name": "Shimmering Nectar",
				"count": 18
			}
		],
		"ascend5": [
			{
				"name": "Mora",
				"count": 100000
			},
			{
				"name": "Agnidus Agate Chunk",
				"count": 6
			},
			{
				"name": "Juvenile Jade",
				"count": 12
			},
			{
				"name": "Silk Flower",
				"count": 45
			},
			{
				"name": "Energy Nectar",
				"count": 12
			}
		],
		"ascend6": [
			{
				"name": "Mora",
				"count": 120000
			},
			{
				"name": "Agnidus Agate Gemstone",
				"count": 6
			},
			{
				"name": "Juvenile Jade",
				"count": 20
			},
			{
				"name": "Silk Flower",
				"count": 60
			},
			{
				"name": "Energy Nectar",
				"count": 24
			}
		]
	}
}