{
	"name": "Jean",
	"fullname": "Jean",
	"title": "Dandelion Knight",
	"description": "The righteous and rigorous Dandelion Knight, and Acting Grand Master of Mondstadt's Knights of Favonius.",
	"rarity": "5",
	"element": "Anemo",
	"weapontype": "Sword",
	"substat": "Healing Bonus",
	"gender": "Female",
	"body": "LADY",
	"association": "MONDSTADT",
	"region": "Mondstadt",
	"affiliation": "Knights of Favonius",
	"birthdaymmdd": "3/14",
	"birthday": "March 14",
	"constellation": "Leo Minor",
	"cv": {
		"english": "Stephanie Southerland",
		"chinese": "林簌",
		"japanese": "斎藤千和",
		"korean": "Ahn Young-mi"
	},
	"costs": {
		"ascend1": [
			{
				"name": "Mora",
				"count": 20000
			},
			{
				"name": "Vayuda Turquoise Sliver",
				"count": 1
			},
			{
				"name": "Dandelion Seed",
				"count": 3
			},
			{
				"name": "Damaged Mask",
				"count": 3
			}
		],
		"ascend2": [
			{
				"name": "Mora",
				"count": 40000
			},
			{
				"name": "Vayuda Turquoise Fragment",
				"count": 3
			},
			{
				"name": "Hurricane Seed",
				"count": 2
			},
			{
				"name": "Dandelion Seed",
				"count": 10
			},
			{
				"name": "Damaged Mask",
				"count": 15
			}
		],
		"ascend3": [
			{
				"name": "Mora",
				"count": 60000
			},
			{
				"name": "Vayuda Turquoise Fragment",
				"count": 6
			},
			{
				"name": "Hurricane Seed",
				"count": 4
			},
			{
				"name": "Dandelion Seed",
				"count": 20
			},
			{
				"name": "Stained Mask",
				"count": 12
			}
		],
		"ascend4": [
			{
				"name": "Mora",
				"count": 80000
			},
			{
				"name": "Vayuda Turquoise Chunk",
				"count": 3
			},
			{
				"name": "Hurricane Seed",
				"count": 8
			},
			{
				"name": "Dandelion Seed",
				"count": 30
			},
			{
				"name": "Stained Mask",
				"count": 18
			}
		],
		"ascend5": [
			{
				"name": "Mora",
				"count": 100000
			},
			{
				"name": "Vayuda Turquoise Chunk",
				"count": 6
			},
			{
				"name": "Hurricane Seed",
				"count": 12
			},
			{
				"name": "Dandelion Seed",
				"count": 45
			},
			{
				"name": "Ominous Mask",
				"count": 12
			}
		],
		"ascend6": [
			{
				"name": "Mora",
				"count": 120000
			},
			{
				"name": "Vayuda Turquoise Gemstone",
				"count": 6
			},
			{
				"name": "Hurricane Seed",
				"count": 20
			},
			{
				"name": "Dandelion Seed",
				"count": 60
			},
			{
				"name": "Ominous Mask",
				"count": 24
			}
		]
	}
}