{
	"name": "Kaedehara Kazuha",
	"fullname": "Kaedehara Kazuha",
	"title": "Scarlet Leaves Pursue Wild Waves",
	"description": "A wandering samurai from Inazuma who is currently with Liyue's Crux Fleet. A gentle and carefree soul whose heart hides a great many burdens from the past.",
	"rarity": "5",
	"element": "Anemo",
	"weapontype": "Sword",
	"substat": "Elemental Mastery",
	"gender": "Male",
	"body": "BOY",
	"association": "INAZUMA",
	"region": "Inazuma",
	"affiliation": "The Crux",
	"birthdaymmdd": "10/29",
	"birthday": "October 29",
	"constellation": "Acer Palmatum",
	"cv": {
		"english": "Mark Whitten",
		"chinese": "斑马",
		"japanese": "島﨑信長",
		"korean": "Kim Shin-woo"
	},
	"costs": {
		"ascend1": [
			{
				"name": "Mora",
				"count": 20000
			},
			{
				"name": "Vayuda Turquoise Sliver",
				"count": 1
			},
			{
				"name": "Sea Ganoderma",
				"count": 3
			},
			{
				"name": "Treasure Hoarder Insignia",
				"count": 3
			}
		],
		"ascend2": [
			{
				"name": "Mora",
				"count": 40000
			},
			{
				"name": "Vayuda Turquoise Fragment",
				"count": 3
			},
			{
				"name": "Marionette Core",
				"count": 2
			},
			{
				"name": "Sea Ganoderma",
				"count": 10
			},
			{
				"name": "Treasure Hoarder Insignia",
				"count": 15
			}
		],
		"ascend3": [
			{
				"name": "Mora",
				"count": 60000
			},
			{
				"name": "Vayuda Turquoise Fragment",
				"count": 6
			},
			{
				"name": "Marionette Core",
				"count": 4
			},
			{
				"name": "Sea Ganoderma",
				"count": 20
			},
			{
				"name": "Silver Raven Insignia",
				"count": 12
			}
		],
		"ascend4": [
			{
				"name": "Mora",
				"count": 80000
			},
			{
				"name": "Vayuda Turquoise Chunk",
				"count": 3
			},
			{
				"name": "Marionette Core",
				"count": 8
			},
			{
				"name": "Sea Ganoderma",
				"count": 30
			},
			{
				"name": "Silver Raven Insignia",
				"count": 18
			}
		],
		"ascend5": [
			{
				"name": "Mora",
				"count": 100000
			},
			{
				"name": "Vayuda Turquoise Chunk",
				"count": 6
			},
			{
				"name": "Marionette Core",
				"count": 12
			},
			{
				"name": "Sea Ganoderma",
				"count": 45
			},
			{
				"name": "Golden Raven Insignia",
				"count": 12
			}
		],
		"ascend6": [
			{
				"name": "Mora",
				"count": 120000
			},
			{
				"name": "Vayuda Turquoise Gemstone",
				"count": 6
			},
			{
				"name": "Marionette Core",
				"count": 20
			},
			{
				"name": "Sea Ganoderma",
				"count": 60
			},
			{
				"name": "Golden Raven Insignia",
				"count": 24
			}
		]
	}
}