{
	"name": "Kaeya",
	"fullname": "Kaeya",
	"title": "Frostwind Swordsman",
	"description": "An accomplished swordsman and a strategic thinker in the Knights of Favonius, rumored to hail from beyond Mondstadt.",
	"rarity": "4",
	"element": "Cryo",
	"weapontype": "Sword",
	"substat": "Energy Recharge",
	"gender": "Male",
	"body": "MALE",
	"association": "MONDSTADT",
	"region": "Mondstadt",
	"affiliation": "Knights of Favonius",
	"birthdaymmdd": "11/30",
	"birthday": "November 30",
	"constellation": "Pavo Ocellus",
	"cv": {
		"english": "Josey Montana McCoy",
		"chinese": "孙晔",
		"japanese": "鳥海浩輔",
		"korean": "Jung Joo-won"
	},
	"costs": {
		"ascend1": [
			{
				"name": "Mora",
				"count": 20000
			},
			{
				"name": "Shivada Jade Sliver",
				"count": 1
			},
			{
				"name": "Calla Lily",
				"count": 3
			},
			{
				"name": "Treasure Hoarder Insignia",
				"count": 3
			}
		],
		"ascend2": [
			{
				"name": "Mora",
				"count": 40000
			},
			{
				"name": "Shivada Jade Fragment",
				"count": 3
			},
			{
				"name": "Hoarfrost Core",
				"count": 2
			},
			{
				"name": "Calla Lily",
				"count": 10
			},
			{
				"name": "Treasure Hoarder Insignia",
				"count": 15
			}
		],
		"ascend3": [
			{
				"name": "Mora",
				"count": 60000
			},
			{
				"name": "Shivada Jade Fragment",
				"count": 6
			},
			{
				"name": "Hoarfrost Core",
				"count": 4
			},
			{
				"name": "Calla Lily",
				"count": 20
			},
			{
				"name": "Silver Raven Insignia",
				"count": 12
			}
		],
		"ascend4": [
			{
				"name": "Mora",
				"count": 80000
			},
			{
				"name": "Shivada Jade Chunk",
				"count": 3
			},
			{
				"name": "Hoarfrost Core",
				"count": 8
			},
			{
				"name": "Calla Lily",
				"count": 30
			},
			{
				"name": "Silver Raven Insignia",
				"count": 18
			}
		],
		"ascend5": [
			{
				"name": "Mora",
				"count": 100000
			},
			{
				"name": "Shivada Jade Chunk",
				"count": 6
			},
			{
				"name": "Hoarfrost Core",
				"count": 12
			},
			{
				"name": "Calla Lily",
				"count": 45
			},
			{
				"name": "Golden Raven Insignia",
				"count": 12
			}
		],
		"ascend6": [
			{
				"name": "Mora",
				"count": 120000
			},
			{
				"name": "Shivada Jade Gemstone",
				"count": 6
			},
			{
				"name": "Hoarfrost Core",
				"count": 20
			},
			{
				"name": "Calla Lily",
				"count": 60
			},
			{
				"name": "Golden Raven Insignia",
				"count": 24
			}
		]
	}
}