{
	"name": "Kamisato Ayaka",
	"fullname": "Kamisato Ayaka",
	"title": "Frostflake Heron",
	"description": "Daughter of the Yashiro Commission's Kamisato Clan. Dignified and elegant, as well as wise and strong.",
	"rarity": "5",
	"element": "Cryo",
	"weapontype": "Sword",
	"substat": "CRIT DMG",
	"gender": "Female",
	"body": "GIRL",
	"association": "INAZUMA",
	"region": "Inazuma",
	"affiliation": "Yashiro Commission",
	"birthdaymmdd": "9/28",
	"birthday": "September 28",
	"constellation": "Grus Nivis",
	"cv": {
		"english": "Erica Mendez",
		"chinese": "小N",
		"japanese": "早見沙織",
		"korean": "Lee Yoo-ri"
	},
	"costs": {
		"ascend1": [
			{
				"name": "Mora",
				"count": 20000
			},
			{
				"name": "Shivada Jade Sliver",
				"count": 1
			},
			{
				"name": "Sakura Bloom",
				"count": 3
			},
			{
				"name": "Old Handguard",
				"count": 3
			}
		],
		"ascend2": [
			{
				"name": "Mora",
				"count": 40000
			},
			{
				"name": "Shivada Jade Fragment",
				"count": 3
			},
			{
				"name": "Perpetual Heart",
				"count": 2
			},
			{
				"name": "Sakura Bloom",
				"count": 10
			},
			{
				"name": "Old Handguard",
				"count": 15
			}
		],
		"ascend3": [
			{
				"name": "Mora",
				"count": 60000
			},
			{
				"name": "Shivada Jade Fragment",
				"count": 6
			},
			{
				"name": "Perpetual Heart",
				"count": 4
			},
			{
				"name": "Sakura Bloom",
				"count": 20
			},
			{
				"name": "Kageuchi Handguard",
				"count": 12
			}
		],
		"ascend4": [
			{
				"name": "Mora",
				"count": 80000
			},
			{
				"name": "Shivada Jade Chunk",
				"count": 3
			},
			{
				"name": "Perpetual Heart",
				"count": 8
			},
			{
				"name": "Sakura Bloom",
				"count": 30
			},
			{
				"name": "Kageuchi Handguard",
				"count": 18
			}
		],
		"ascend5": [
			{
				"name": "Mora",
				"count": 100000
			},
			{
				"name": "Shivada Jade Chunk",
				"count": 6
			},
			{
				"name": "Perpetual Heart",
				"count": 12
			},
			{
				"name": "Sakura Bloom",
				"count": 45
			},
			{
				"name": "Famed Handguard",
				"count": 12
			}
		],
		"ascend6": [
			{
				"name": "Mora",
				"count": 120000
			},
			{
				"name": "Shivada Jade Gemstone",
				"count": 6
			},
			{
				"name": "Perpetual Heart",
				"count": 20
			},
			{
				"name": "Sakura Bloom",
				"count": 60
			},
			{
				"name": "Famed Handguard",
				"count": 24
			}
		]
	}
}