{
	"name": "Klee",
	"fullname": "Klee",
	"title": "Fleeing Sunlight",
	"description": "An explosives expert and a regular at the Knights of Favonius's confinement room. Also known as Fleeing Sunlight.",
	"rarity": "5",
	"element": "Pyro",
	"weapontype": "Catalyst",
	"substat": "Pyro DMG Bonus",
	"gender": "Female",
	"body": "LOLI",
	"association": "MONDSTADT",
	"region": "Mondstadt",
	"affiliation": "Knights of Favonius",
	"birthdaymmdd": "7/27",
	"birthday": "July 27",
	"constellation": "Trifolium",
	"cv": {
		"english": "Poonam Basu",
		"chinese": "花玲",
		"japanese": "久野美咲",
		"korean": "Bang Yeon-ji"
	},
	"costs": {
		"ascend1": [
			{
				"name": "Mora",
				"count": 20000
			},
			{
				"name": "Agnidus Agate Sliver",
				"count": 1
			},
			{
				"name": "Philanemo Mushroom",
				"count": 3
			},
			{
				"name": "Divining Scroll",
				"count": 3
			}
		],
		"ascend2": [
			{
				"name": "Mora",
				"count": 40000
			},
			{
				"name": "Agnidus Agate Fragment",
				"count": 3
			},
			{
				"name": "Everflame Seed",
				"count": 2
			},
			{
				"name": "Philanemo Mushroom",
				"count": 10
			},
			{
				"name": "Divining Scroll",
				"count": 15
			}
		],
		"ascend3": [
			{
				"name": "Mora",
				"count": 60000
			},
			{
				"name": "Agnidus Agate Fragment",
				"count": 6
			},
			{
				"name": "Everflame Seed",
				"count": 4
			},
			{
				"name": "Philanemo Mushroom",
				"count": 20
			},
			{
				"name": "Sealed Scroll",
				"count": 12
			}
		],
		"ascend4": [
			{
				"name": "Mora",
				"count": 80000
			},
			{
				"name": "Agnidus Agate Chunk",
				"count": 3
			},
			{
				"name": "Everflame Seed",
				"count": 8
			},
			{
				"name": "Philanemo Mushroom",
				"count": 30
			},
			{
				"name": "Sealed Scroll",
				"count": 18
			}
		],
		"ascend5": [
			{
				"name": "Mora",
				"count": 100000
			},
			{
				"name": "Agnidus Agate Chunk",
				"count": 6
			},
			{
				"name": "Everflame Seed",
				"count": 12
			},
			{
				"name": "Philanemo Mushroom",
				"count": 45
			},
			{
				"name": "Forbidden Curse Scroll",
				"count": 12
			}
		],
		"ascend6": [
			{
				"name": "Mora",
				"count": 120000
			},
			{
				"name": "Agnidus Agate Gemstone",
				"count": 6
			},
			{
				"name": "Everflame Seed",
				"count": 20
			},
			{
				"name": "Philanemo Mushroom",
				"count": 60
			},
			{
				"name": "Forbidden Curse Scroll",
				"count": 24
			}
		]
	}
}