{
	"name": "Kujou Sara",
	"fullname": "Kujou Sara",
	"title": "Crowfeather Kaburaya",
	"description": "A general of the Tenryou Commission. Bold, decisive, and skilled in battle.",
	"rarity": "4",
	"element": "Electro",
	"weapontype": "Bow",
	"substat": "ATK",
	"gender": "Female",
	"body": "LADY",
	"association": "INAZUMA",
	"region": "Inazuma",
	"affiliation": "Tenryou Commission",
	"birthdaymmdd": "7/14",
	"birthday": "July 14",
	"constellation": "Flabellum",
	"cv": {
		"english": "Jeannie Tirado",
		"chinese": "杨梦露",
		"japanese": "瀬戸麻沙美",
		"korean": "Moon Ji-young"
	},
	"costs": {
		"ascend1": [
			{
				"name": "Mora",
				"count": 20000
			},
			{
				"name": "Vajrada Amethyst Sliver",
				"count": 1
			},
			{
				"name": "Dendrobium",
				"count": 3
			},
			{
				"name": "Damaged Mask",
				"count": 3
			}
		],
		"ascend2": [
			{
				"name": "Mora",
				"count": 40000
			},
			{
				"name": "Vajrada Amethyst Fragment",
				"count": 3
			},
			{
				"name": "Storm Beads",
				"count": 2
			},
			{
				"name": "Dendrobium",
				"count": 10
			},
			{
				"name": "Damaged Mask",
				"count": 15
			}
		],
		"ascend3": [
			{
				"name": "Mora",
				"count": 60000
			},
			{
				"name": "Vajrada Amethyst Fragment",
				"count": 6
			},
			{
				"name": "Storm Beads",
				"count": 4
			},
			{
				"name": "Dendrobium",
				"count": 20
			},
			{
				"name": "Stained Mask",
				"count": 12
			}
		],
		"ascend4": [
			{
				"name": "Mora",
				"count": 80000
			},
			{
				"name": "Vajrada Amethyst Chunk",
				"count": 3
			},
			{
				"name": "Storm Beads",
				"count": 8
			},
			{
				"name": "Dendrobium",
				"count": 30
			},
			{
				"name": "Stained Mask",
				"count": 18
			}
		],
		"ascend5": [
			{
				"name": "Mora",
				"count": 100000
			},
			{
				"name": "Vajrada Amethyst Chunk",
				"count": 6
			},
			{
				"name": "Storm Beads",
				"count": 12
			},
			{
				"name": "Dendrobium",
				"count": 45
			},
			{
				"name": "Ominous Mask",
				"count": 12
			}
		],
		"ascend6": [
			{
				"name": "Mora",
				"count": 120000
			},
			{
				"name": "Vajrada Amethyst Gemstone",
				"count": 6
			},
			{
				"name": "Storm Beads",
				"count": 20
			},
			{
				"name": "Dendrobium",
				"count": 60
			},
			{
				"name": "Ominous Mask",
				"count": 24
			}
		]
	}
}