{
	"name": "Lisa",
	"fullname": "Lisa",
	"title": "Witch of Purple Rose",
	"description": "The languid but knowledgeable Librarian of the Knights of Favonius, deemed by Sumeru Academia to be their most distinguished graduate in the past two centuries.",
	"rarity": "4",
	"element": "Electro",
	"weapontype": "Catalyst",
	"substat": "Elemental Mastery",
	"gender": "Female",
	"body": "LADY",
	"association": "MONDSTADT",
	"region": "Mondstadt",
	"affiliation": "Knights of Favonius",
	"birthdaymmdd": "6/9",
	"birthday": "June 9",
	"constellation": "Tempus Fugit",
	"cv": {
		"english": "Mara Junot",
		"chinese": "钟可",
		"japanese": "田中理恵",
		"korean": "Park Go-woon"
	},
	"costs": {
		"ascend1": [
			{
				"name": "Mora",
				"count": 20000
			},
			{
				"name": "Vajrada Amethyst Sliver",
				"count": 1
			},
			{
				"name": "Valberry",
				"count": 3
			},
			{
				"name": "Slime Condensate",
				"count": 3
			}
		],
		"ascend2": [
			{
				"name": "Mora",
				"count": 40000
			},
			{
				"name": "Vajrada Amethyst Fragment",
				"count": 3
			},
			{
				"name": "Lightning Prism",
				"count": 2
			},
			{
				"name": "Valberry",
				"count": 10
			},
			{
				"name": "Slime Condensate",
				"count": 15
			}
		],
		"ascend3": [
			{
				"name": "Mora",
				"count": 60000
			},
			{
				"name": "Vajrada Amethyst Fragment",
				"count": 6
			},
			{
				"name": "Lightning Prism",
				"count": 4
			},
			{
				"name": "Valberry",
				"count": 20
			},
			{
				"name": "Slime Secretions",
				"count": 12
			}
		],
		"ascend4": [
			{
				"name": "Mora",
				"count": 80000
			},
			{
				"name": "Vajrada Amethyst Chunk",
				"count": 3
			},
			{
				"name": "Lightning Prism",
				"count": 8
			},
			{
				"name": "Valberry",
				"count": 30
			},
			{
				"name": "Slime Secretions",
				"count": 18
			}
		],
		"ascend5": [
			{
				"name": "Mora",
				"count": 100000
			},
			{
				"name": "Vajrada Amethyst Chunk",
				"count": 6
			},
			{
				"name": "Lightning Prism",
				"count": 12
			},
			{
				"name": "Valberry",
				"count": 45
			},
			{
				"name": "Slime Concentrate",
				"count": 12
			}
		],
		"ascend6": [
			{
				"name": "Mora",
				"count": 120000
			},
			{
				"name": "Vajrada Amethyst Gemstone",
				"count": 6
			},
			{
				"name": "Lightning Prism",
				"count": 20
			},
			{
				"name": "Valberry",
				"count": 60
			},
			{
				"name": "Slime Concentrate",
				"count": 24
			}
		]
	}
}