{
	"name": "Mona",
	"fullname": "Mona",
	"title": "Astral Reflection",
	"description": "A mysterious young astrologer who proclaims herself to be \"Astrologist Mona Megistus,\" and who possesses abilities to match the title. Erudite, but prideful.",
	"rarity": "5",
	"element": "Hydro",
	"weapontype": "Catalyst",
	"substat": "Energy Recharge",
	"gender": "Female",
	"body": "GIRL",
	"association": "MONDSTADT",
	"region": "Mondstadt",
	"affiliation": "Mondstadt",
	"birthdaymmdd": "8/31",
	"birthday": "August 31",
	"constellation": "Astrolabos",
	"cv": {
		"english": "Felecia Angelle",
		"chinese": "陈婷婷",
		"japanese": "小原好美",
		"korean": "Woo Jeong-shin"
	},
	"costs": {
		"ascend1": [
			{
				"name": "Mora",
				"count": 20000
			},
			{
				"name": "Varunada Lazurite Sliver",
				"count": 1
			},
			{
				"name": "Philanemo Mushroom",
				"count": 3
			},
			{
				"name": "Whopperflower Nectar",
				"count": 3
			}
		],
		"ascend2": [
			{
				"name": "Mora",
				"count": 40000
			},
			{
				"name": "Varunada Lazurite Fragment",
				"count": 3
			},
			{
				"name": "Cleansing Heart",
				"count": 2
			},
			{
				"name": "Philanemo Mushroom",
				"count": 10
			},
			{
				"name": "Whopperflower Nectar",
				"count": 15
			}
		],
		"ascend3": [
			{
				"name": "Mora",
				"count": 60000
			},
			{
				"name": "Varunada Lazurite Fragment",
				"count": 6
			},
			{
				"name": "Cleansing Heart",
				"count": 4
			},
			{
				"name": "Philanemo Mushroom",
				"count": 20
			},
			{
				"name": "Shimmering Nectar",
				"count": 12
			}
		],
		"ascend4": [
			{
				"name": "Mora",
				"count": 80000
			},
			{
				"name": "Varunada Lazurite Chunk",
				"count": 3
			},
			{
				"name": "Cleansing Heart",
				"count": 8
			},
			{
				"name": "Philanemo Mushroom",
				"count": 30
			},
			{
				"name": "Shimmering Nectar",
				"count": 18
			}
		],
		"ascend5": [
			{
				"name": "Mora",
				"count": 100000
			},
			{
				"name": "Varunada Lazurite Chunk",
				"count": 6
			},
			{
				"name": "Cleansing Heart",
				"count": 12
			},
			{
				"name": "Philanemo Mushroom",
				"count": 45
			},
			{
				"name": "Energy Nectar",
				"count": 12
			}
		],
		"ascend6": [
			{
				"name": "Mora",
				"count": 120000
			},
			{
				"name": "Varunada Lazurite Gemstone",
				"count": 6
			},
			{
				"name": "Cleansing Heart",
				"count": 20
			},
			{
				"name": "Philanemo Mushroom",
				"count": 60
			},
			{
				"name": "Energy Nectar",
				"count": 24
			}
		]
	}
}