{
	"name": "Ningguang",
	"fullname": "Ningguang",
	"title": "Eclipsing Star",
	"description": "The Tianquan of the Liyue Qixing. Her wealth is unsurpassed in all of Teyvat.",
	"rarity": "4",
	"element": "Geo",
	"weapontype": "Catalyst",
	"substat": "Geo DMG Bonus",
	"gender": "Female",
	"body": "LADY",
	"association": "LIYUE",
	"region": "Liyue",
	"affiliation": "Liyue Qixing",
	"birthdaymmdd": "8/26",
	"birthday": "August 26",
	"constellation": "Opus Aequilibrium",
	"cv": {
		"english": "Erin Ebers",
		"chinese": "杜冥鸦",
		"japanese": "大原さやか",
		"korean": "Kwak Kyu-mi"
	},
	"costs": {
		"ascend1": [
			{
				"name": "Mora",
				"count": 20000
			},
			{
				"name": "Prithiva Topaz Sliver",
				"count": 1
			},
			{
				"name": "Glaze Lily",
				"count": 3
			},
			{
				"name": "Recruit's Insignia",
				"count": 3
			}
		],
		"ascend2": [
			{
				"name": "Mora",
				"count": 40000
			},
			{
				"name": "Prithiva Topaz Fragment",
				"count": 3
			},
			{
				"name": "Basalt Pillar",
				"count": 2
			},
			{
				"name": "Glaze Lily",
				"count": 10
			},
			{
				"name": "Recruit's Insignia",
				"count": 15
			}
		],
		"ascend3": [
			{
				"name": "Mora",
				"count": 60000
			},
			{
				"name": "Prithiva Topaz Fragment",
				"count": 6
			},
			{
				"name": "Basalt Pillar",
				"count": 4
			},
			{
				"name": "Glaze Lily",
				"count": 20
			},
			{
				"name": "Sergeant's Insignia",
				"count": 12
			}
		],
		"ascend4": [
			{
				"name": "Mora",
				"count": 80000
			},
			{
				"name": "Prithiva Topaz Chunk",
				"count": 3
			},
			{
				"name": "Basalt Pillar",
				"count": 8
			},
			{
				"name": "Glaze Lily",
				"count": 30
			},
			{
				"name": "Sergeant's Insignia",
				"count": 18
			}
		],
		"ascend5": [
			{
				"name": "Mora",
				"count": 100000
			},
			{
				"name": "Prithiva Topaz Chunk",
				"count": 6
			},
			{
				"name": "Basalt Pillar",
				"count": 12
			},
			{
				"name": "Glaze Lily",
				"count": 45
			},
			{
				"name": "Lieutenant's Insignia",
				"count": 12
			}
		],
		"ascend6": [
			{
				"name": "Mora",
				"count": 120000
			},
			{
				"name": "Prithiva Topaz Gemstone",
				"count": 6
			},
			{
				"name": "Basalt Pillar",
				"count": 20
			},
			{
				"name": "Glaze Lily",
				"count": 60
			},
			{
				"name": "Lieutenant's Insignia",
				"count": 24
			}
		]
	}
}