{
	"name": "Noelle",
	"fullname": "Noelle",
	"title": "Chivalric Blossom",
	"description": "A maid who faithfully serves the Knights of Favonius. She dreams of joining their ranks someday.",
	"rarity": "4",
	"element": "Geo",
	"weapontype": "Claymore",
	"substat": "DEF",
	"gender": "Female",
	"body": "GIRL",
	"association": "MONDSTADT",
	"region": "Mondstadt",
	"affiliation": "Knights of Favonius",
	"birthdaymmdd": "3/21",
	"birthday": "March 21",
	"constellation": "Parma Cordis",
	"cv": {
		"english": "Laura Faye Smith",
		"chinese": "宴宁",
		"japanese": "高尾奏音",
		"korean": "Lee Bo-hee"
	},
	"costs": {
		"ascend1": [
			{
				"name": "Mora",
				"count": 20000
			},
			{
				"name": "Prithiva Topaz Sliver",
				"count": 1
			},
			{
				"name": "Valberry",
				"count": 3
			},
			{
				"name": "Damaged Mask",
				"count": 3
			}
		],
		"ascend2": [
			{
				"name": "Mora",
				"count": 40000
			},
			{
				"name": "Prithiva Topaz Fragment",
				"count": 3
			},
			{
				"name": "Basalt Pillar",
				"count": 2
			},
			{
				"name": "Valberry",
				"count": 10
			},
			{
				"name": "Damaged Mask",
				"count": 15
			}
		],
		"ascend3": [
			{
				"name": "Mora",
				"count": 60000
			},
			{
				"name": "Prithiva Topaz Fragment",
				"count": 6
			},
			{
				"name": "Basalt Pillar",
				"count": 4
			},
			{
				"name": "Valberry",
				"count": 20
			},
			{
				"name": "Stained Mask",
				"count": 12
			}
		],
		"ascend4": [
			{
				"name": "Mora",
				"count": 80000
			},
			{
				"name": "Prithiva Topaz Chunk",
				"count": 3
			},
			{
				"name": "Basalt Pillar",
				"count": 8
			},
			{
				"name": "Valberry",
				"count": 30
			},
			{
				"name": "Stained Mask",
				"count": 18
			}
		],
		"ascend5": [
			{
				"name": "Mora",
				"count": 100000
			},
			{
				"name": "Prithiva Topaz Chunk",
				"count": 6
			},
			{
				"name": "Basalt Pillar",
				"count": 12
			},
			{
				"name": "Valberry",
				"count": 45
			},
			{
				"name": "Ominous Mask",
				"count": 12
			}
		],
		"ascend6": [
			{
				"name": "Mora",
				"count": 120000
			},
			{
				"name": "Prithiva Topaz Gemstone",
				"count": 6
			},
			{
				"name": "Basalt Pillar",
				"count": 20
			},
			{
				"name": "Valberry",
				"count": 60
			},
			{
				"name": "Ominous Mask",
				"count": 24
			}
		]
	}
}