{
	"name": "Qiqi",
	"fullname": "Qiqi",
	"title": "Icy Resurrection",
	"description": "An apprentice and herb gatherer at Bubu Pharmacy. An undead with a bone-white complexion, she seldom has much in the way of words or emotion.",
	"rarity": "5",
	"element": "Cryo",
	"weapontype": "Sword",
	"substat": "Healing Bonus",
	"gender": "Female",
	"body": "LOLI",
	"association": "LIYUE",
	"region": "Liyue",
	"affiliation": "Bubu Pharmacy",
	"birthdaymmdd": "3/3",
	"birthday": "March 3",
	"constellation": "Pristina Nola",
	"cv": {
		"english": "Christie Cate",
		"chinese": "宴宁",
		"japanese": "田村ゆかり",
		"korean": "Lee Seul"
	},
	"costs": {
		"ascend1": [
			{
				"name": "Mora",
				"count": 20000
			},
			{
				"name": "Shivada Jade Sliver",
				"count": 1
			},
			{
				"name": "Violetgrass",
				"count": 3
			},
			{
				"name": "Divining Scroll",
				"count": 3
			}
		],
		"ascend2": [
			{
				"name": "Mora",
				"count": 40000
			},
			{
				"name": "Shivada Jade Fragment",
				"count": 3
			},
			{
				"name": "Hoarfrost Core",
				"count": 2
			},
			{
				"name": "Violetgrass",
				"count": 10
			},
			{
				"name": "Divining Scroll",
				"count": 15
			}
		],
		"ascend3": [
			{
				"name": "Mora",
				"count": 60000
			},
			{
				"name": "Shivada Jade Fragment",
				"count": 6
			},
			{
				"name": "Hoarfrost Core",
				"count": 4
			},
			{
				"name": "Violetgrass",
				"count": 20
			},
			{
				"name": "Sealed Scroll",
				"count": 12
			}
		],
		"ascend4": [
			{
				"name": "Mora",
				"count": 80000
			},
			{
				"name": "Shivada Jade Chunk",
				"count": 3
			},
			{
				"name": "Hoarfrost Core",
				"count": 8
			},
			{
				"name": "Violetgrass",
				"count": 30
			},
			{
				"name": "Sealed Scroll",
				"count": 18
			}
		],
		"ascend5": [
			{
				"name": "Mora",
				"count": 100000
			},
			{
				"name": "Shivada Jade Chunk",
				"count": 6
			},
			{
				"name": "Hoarfrost Core",
				"count": 12
			},
			{
				"name": "Violetgrass",
				"count": 45
			},
			{
				"name": "Forbidden Curse Scroll",
				"count": 12
			}
		],
		"ascend6": [
			{
				"name": "Mora",
				"count": 120000
			},
			{
				"name": "Shivada Jade Gemstone",
				"count": 6
			},
			{
				"name": "Hoarfrost Core",
				"count": 20
			},
			{
				"name": "Violetgrass",
				"count": 60
			},
			{
				"name": "Forbidden Curse Scroll",
				"count": 24
			}
		]
	}
}