{
	"name": "Raiden Shogun",
	"fullname": "Raiden Shogun",
	"title": "Plane of Euthymia",
	"description": "Her Excellency, the Almighty Narukami Ogosho, who promised the people of Inazuma an unchanging Eternity.",
	"rarity": "5",
	"element": "Electro",
	"weapontype": "Polearm",
	"substat": "Energy Recharge",
	"gender": "Female",
	"body": "LADY",
	"association": "INAZUMA",
	"region": "Inazuma",
	"affiliation": "Inazuma City",
	"birthdaymmdd": "6/26",
	"birthday": "June 26",
	"constellation": "Imperatrix Umbrosa",
	"cv": {
		"english": "Anne Yatco",
		"chinese": "菊花花",
		"japanese": "沢城みゆき",
		"korean": "Park Ji-yoon"
	},
	"costs": {
		"ascend1": [
			{
				"name": "Mora",
				"count": 20000
			},
			{
				"name": "Vajrada Amethyst Sliver",
				"count": 1
			},
			{
				"name": "Amakumo Fruit",
				"count": 3
			},
			{
				"name": "Old Handguard",
				"count": 3
			}
		],
		"ascend2": [
			{
				"name": "Mora",
				"count": 40000
			},
			{
				"name": "Vajrada Amethyst Fragment",
				"count": 3
			},
			{
				"name": "Storm Beads",
				"count": 2
			},
			{
				"name": "Amakumo Fruit",
				"count": 10
			},
			{
				"name": "Old Handguard",
				"count": 15
			}
		],
		"ascend3": [
			{
				"name": "Mora",
				"count": 60000
			},
			{
				"name": "Vajrada Amethyst Fragment",
				"count": 6
			},
			{
				"name": "Storm Beads",
				"count": 4
			},
			{
				"name": "Amakumo Fruit",
				"count": 20
			},
			{
				"name": "Kageuchi Handguard",
				"count": 12
			}
		],
		"ascend4": [
			{
				"name": "Mora",
				"count": 80000
			},
			{
				"name": "Vajrada Amethyst Chunk",
				"count": 3
			},
			{
				"name": "Storm Beads",
				"count": 8
			},
			{
				"name": "Amakumo Fruit",
				"count": 30
			},
			{
				"name": "Kageuchi Handguard",
				"count": 18
			}
		],
		"ascend5": [
			{
				"name": "Mora",
				"count": 100000
			},
			{
				"name": "Vajrada Amethyst Chunk",
				"count": 6
			},
			{
				"name": "Storm Beads",
				"count": 12
			},
			{
				"name": "Amakumo Fruit",
				"count": 45
			},
			{
				"name": "Famed Handguard",
				"count": 12
			}
		],
		"ascend6": [
			{
				"name": "Mora",
				"count": 120000
			},
			{
				"name": "Vajrada Amethyst Gemstone",
				"count": 6
			},
			{
				"name": "Storm Beads",
				"count": 20
			},
			{
				"name": "Amakumo Fruit",
				"count": 60
			},
			{
				"name": "Famed Handguard",
				"count": 24
			}
		]
	}
}