{
	"name": "Rosaria",
	"fullname": "Rosaria",
	"title": "Thorny Benevolence",
	"description": "A sister of the church, though you wouldn't know it if it weren't for her attire. Known for her sharp, cold words and manner, she often works alone.",
	"rarity": "4",
	"element": "Cryo",
	"weapontype": "Polearm",
	"substat": "ATK",
	"gender": "Female",
	"body": "LADY",
	"association": "MONDSTADT",
	"region": "Mondstadt",
	"affiliation": "Church of Favonius",
	"birthdaymmdd": "1/24",
	"birthday": "January 24",
	"constellation": "Spinea Corona",
	"cv": {
		"english": "Elizabeth Maxwell",
		"chinese": "张安琪",
		"japanese": "加隈亜衣",
		"korean": "Kim Bo-na"
	},
	"costs": {
		"ascend1": [
			{
				"name": "Mora",
				"count": 20000
			},
			{
				"name": "Shivada Jade Sliver",
				"count": 1
			},
			{
				"name": "Valberry",
				"count": 3
			},
			{
				"name": "Recruit's Insignia",
				"count": 3
			}
		],
		"ascend2": [
			{
				"name": "Mora",
				"count": 40000
			},
			{
				"name": "Shivada Jade Fragment",
				"count": 3
			},
			{
				"name": "Hoarfrost Core",
				"count": 2
			},
			{
				"name": "Valberry",
				"count": 10
			},
			{
				"name": "Recruit's Insignia",
				"count": 15
			}
		],
		"ascend3": [
			{
				"name": "Mora",
				"count": 60000
			},
			{
				"name": "Shivada Jade Fragment",
				"count": 6
			},
			{
				"name": "Hoarfrost Core",
				"count": 4
			},
			{
				"name": "Valberry",
				"count": 20
			},
			{
				"name": "Sergeant's Insignia",
				"count": 12
			}
		],
		"ascend4": [
			{
				"name": "Mora",
				"count": 80000
			},
			{
				"name": "Shivada Jade Chunk",
				"count": 3
			},
			{
				"name": "Hoarfrost Core",
				"count": 8
			},
			{
				"name": "Valberry",
				"count": 30
			},
			{
				"name": "Sergeant's Insignia",
				"count": 18
			}
		],
		"ascend5": [
			{
				"name": "Mora",
				"count": 100000
			},
			{
				"name": "Shivada Jade Chunk",
				"count": 6
			},
			{
				"name": "Hoarfrost Core",
				"count": 12
			},
			{
				"name": "Valberry",
				"count": 45
			},
			{
				"name": "Lieutenant's Insignia",
				"count": 12
			}
		],
		"ascend6": [
			{
				"name": "Mora",
				"count": 120000
			},
			{
				"name": "Shivada Jade Gemstone",
				"count": 6
			},
			{
				"name": "Hoarfrost Core",
				"count": 20
			},
			{
				"name": "Valberry",
				"count": 60
			},
			{
				"name": "Lieutenant's Insignia",
				"count": 24
			}
		]
	}
}