{
	"name": "Sangonomiya Kokomi",
	"fullname": "Sangonomiya Kokomi",
	"title": "Pearl of Wisdom",
	"description": "The Divine Priestess of Watatsumi Island. All of the island's affairs are at this young lady's fingertips.",
	"rarity": "5",
	"element": "Hydro",
	"weapontype": "Catalyst",
	"substat": "Hydro DMG Bonus",
	"gender": "Female",
	"body": "GIRL",
	"association": "INAZUMA",
	"region": "Inazuma",
	"affiliation": "Watatsumi Island",
	"birthdaymmdd": "2/22",
	"birthday": "February 22",
	"constellation": "Dracaena Somnolenta",
	"cv": {
		"english": "Risa Mei",
		"chinese": "龟娘",
		"japanese": "三森すずこ",
		"korean": "Yeo Yoon-mi"
	},
	"costs": {
		"ascend1": [
			{
				"name": "Mora",
				"count": 20000
			},
			{
				"name": "Varunada Lazurite Sliver",
				"count": 1
			},
			{
				"name": "Sango Pearl",
				"count": 3
			},
			{
				"name": "Spectral Husk",
				"count": 3
			}
		],
		"ascend2": [
			{
				"name": "Mora",
				"count": 40000
			},
			{
				"name": "Varunada Lazurite Fragment",
				"count": 3
			},
			{
				"name": "Dew of Repudiation",
				"count": 2
			},
			{
				"name": "Sango Pearl",
				"count": 10
			},
			{
				"name": "Spectral Husk",
				"count": 15
			}
		],
		"ascend3": [
			{
				"name": "Mora",
				"count": 60000
			},
			{
				"name": "Varunada Lazurite Fragment",
				"count": 6
			},
			{
				"name": "Dew of Repudiation",
				"count": 4
			},
			{
				"name": "Sango Pearl",
				"count": 20
			},
			{
				"name": "Spectral Heart",
				"count": 12
			}
		],
		"ascend4": [
			{
				"name": "Mora",
				"count": 80000
			},
			{
				"name": "Varunada Lazurite Chunk",
				"count": 3
			},
			{
				"name": "Dew of Repudiation",
				"count": 8
			},
			{
				"name": "Sango Pearl",
				"count": 30
			},
			{
				"name": "Spectral Heart",
				"count": 18
			}
		],
		"ascend5": [
			{
				"name": "Mora",
				"count": 100000
			},
			{
				"name": "Varunada Lazurite Chunk",
				"count": 6
			},
			{
				"name": "Dew of Repudiation",
				"count": 12
			},
			{
				"name": "Sango Pearl",
				"count": 45
			},
			{
				"name": "Spectral Nucleus",
				"count": 12
			}
		],
		"ascend6": [
			{
				"name": "Mora",
				"count": 120000
			},
			{
				"name": "Varunada Lazurite Gemstone",
				"count": 6
			},
			{
				"name": "Dew of Repudiation",
				"count": 20
			},
			{
				"name": "Sango Pearl",
				"count": 60
			},
			{
				"name": "Spectral Nucleus",
				"count": 24
			}
		]
	}
}