{
	"name": "Sayu",
	"fullname": "Sayu",
	"title": "Mujina Ninja",
	"description": "A pint-sized ninja attached to the Shuumatsuban, who always seems sleep-deprived.",
	"rarity": "4",
	"element": "Anemo",
	"weapontype": "Claymore",
	"substat": "Elemental Mastery",
	"gender": "Female",
	"body": "LOLI",
	"association": "INAZUMA",
	"region": "Inazuma",
	"affiliation": "Shuumatsuban",
	"birthdaymmdd": "10/19",
	"birthday": "October 19",
	"constellation": "Nyctereutes Minor",
	"cv": {
		"english": "Lilypichu (Lily Ki)",
		"chinese": "Sakula小舞",
		"japanese": "洲崎綾",
		"korean": "Lee Ji-hyeon"
	},
	"costs": {
		"ascend1": [
			{
				"name": "Mora",
				"count": 20000
			},
			{
				"name": "Vayuda Turquoise Sliver",
				"count": 1
			},
			{
				"name": "Crystal Marrow",
				"count": 3
			},
			{
				"name": "Whopperflower Nectar",
				"count": 3
			}
		],
		"ascend2": [
			{
				"name": "Mora",
				"count": 40000
			},
			{
				"name": "Vayuda Turquoise Fragment",
				"count": 3
			},
			{
				"name": "Marionette Core",
				"count": 2
			},
			{
				"name": "Crystal Marrow",
				"count": 10
			},
			{
				"name": "Whopperflower Nectar",
				"count": 15
			}
		],
		"ascend3": [
			{
				"name": "Mora",
				"count": 60000
			},
			{
				"name": "Vayuda Turquoise Fragment",
				"count": 6
			},
			{
				"name": "Marionette Core",
				"count": 4
			},
			{
				"name": "Crystal Marrow",
				"count": 20
			},
			{
				"name": "Shimmering Nectar",
				"count": 12
			}
		],
		"ascend4": [
			{
				"name": "Mora",
				"count": 80000
			},
			{
				"name": "Vayuda Turquoise Chunk",
				"count": 3
			},
			{
				"name": "Marionette Core",
				"count": 8
			},
			{
				"name": "Crystal Marrow",
				"count": 30
			},
			{
				"name": "Shimmering Nectar",
				"count": 18
			}
		],
		"ascend5": [
			{
				"name": "Mora",
				"count": 100000
			},
			{
				"name": "Vayuda Turquoise Chunk",
				"count": 6
			},
			{
				"name": "Marionette Core",
				"count": 12
			},
			{
				"name": "Crystal Marrow",
				"count": 45
			},
			{
				"name": "Energy Nectar",
				"count": 12
			}
		],
		"ascend6": [
			{
				"name": "Mora",
				"count": 120000
			},
			{
				"name": "Vayuda Turquoise Gemstone",
				"count": 6
			},
			{
				"name": "Marionette Core",
				"count": 20
			},
			{
				"name": "Crystal Marrow",
				"count": 60
			},
			{
				"name": "Energy Nectar",
				"count": 24
			}
		]
	}
}