{
	"name": "Shenhe",
	"fullname": "Shenhe",
	"title": "Lonesome Transcendence",
	"description": "An adepti disciple with a most unusual air about her. Having spent much time cultivating in isolation in Liyue's mountains, she has become every bit as cool and distant as the adepti themselves.",
	"rarity": "5",
	"element": "Cryo",
	"weapontype": "Polearm",
	"substat": "ATK",
	"gender": "Female",
	"body": "LADY",
	"association": "LIYUE",
	"region": "Liyue",
	"affiliation": "Liyue Harbor",
	"birthdaymmdd": "3/10",
	"birthday": "March 10",
	"constellation": "Crista Doloris",
	"cv": {
		"english": "Chelsea Kwoka",
		"chinese": "秦紫翼",
		"japanese": "川澄綾子",
		"korean": "Lee Hyeon-jin"
	},
	"costs": {
		"ascend1": [
			{
				"name": "Mora",
				"count": 20000
			},
			{
				"name": "Shivada Jade Sliver",
				"count": 1
			},
			{
				"name": "Qingxin",
				"count": 3
			},
			{
				"name": "Whopperflower Nectar",
				"count": 3
			}
		],
		"ascend2": [
			{
				"name": "Mora",
				"count": 40000
			},
			{
				"name": "Shivada Jade Fragment",
				"count": 3
			},
			{
				"name": "Dragonheir's False Fin",
				"count": 2
			},
			{
				"name": "Qingxin",
				"count": 10
			},
			{
				"name": "Whopperflower Nectar",
				"count": 15
			}
		],
		"ascend3": [
			{
				"name": "Mora",
				"count": 60000
			},
			{
				"name": "Shivada Jade Fragment",
				"count": 6
			},
			{
				"name": "Dragonheir's False Fin",
				"count": 4
			},
			{
				"name": "Qingxin",
				"count": 20
			},
			{
				"name": "Shimmering Nectar",
				"count": 12
			}
		],
		"ascend4": [
			{
				"name": "Mora",
				"count": 80000
			},
			{
				"name": "Shivada Jade Chunk",
				"count": 3
			},
			{
				"name": "Dragonheir's False Fin",
				"count": 8
			},
			{
				"name": "Qingxin",
				"count": 30
			},
			{
				"name": "Shimmering Nectar",
				"count": 18
			}
		],
		"ascend5": [
			{
				"name": "Mora",
				"count": 100000
			},
			{
				"name": "Shivada Jade Chunk",
				"count": 6
			},
			{
				"name": "Dragonheir's False Fin",
				"count": 12
			},
			{
				"name": "Qingxin",
				"count": 45
			},
			{
				"name": "Energy Nectar",
				"count": 12
			}
		],
		"ascend6": [
			{
				"name": "Mora",
				"count": 120000
			},
			{
				"name": "Shivada Jade Gemstone",
				"count": 6
			},
			{
				"name": "Dragonheir's False Fin",
				"count": 20
			},
			{
				"name": "Qingxin",
				"count": 60
			},
			{
				"name": "Energy Nectar",
				"count": 24
			}
		]
	}
}