{
	"name": "Sucrose",
	"fullname": "Sucrose",
	"title": "Harmless Sweetie",
	"description": "An alchemist filled with curiosity about all things. She researches bio-alchemy.",
	"rarity": "4",
	"element": "Anemo",
	"weapontype": "Catalyst",
	"substat": "Anemo DMG Bonus",
	"gender": "Female",
	"body": "GIRL",
	"association": "MONDSTADT",
	"region": "Mondstadt",
	"affiliation": "Knights of Favonius",
	"birthdaymmdd": "11/26",
	"birthday": "November 26",
	"constellation": "Ampulla",
	"cv": {
		"english": "Valeria Rodriguez",
		"chinese": "小敢",
		"japanese": "藤田茜",
		"korean": "Kim Ha-young"
	},
	"costs": {
		"ascend1": [
			{
				"name": "Mora",
				"count": 20000
			},
			{
				"name": "Vayuda Turquoise Sliver",
				"count": 1
			},
			{
				"name": "Windwheel Aster",
				"count": 3
			},
			{
				"name": "Whopperflower Nectar",
				"count": 3
			}
		],
		"ascend2": [
			{
				"name": "Mora",
				"count": 40000
			},
			{
				"name": "Vayuda Turquoise Fragment",
				"count": 3
			},
			{
				"name": "Hurricane Seed",
				"count": 2
			},
			{
				"name": "Windwheel Aster",
				"count": 10
			},
			{
				"name": "Whopperflower Nectar",
				"count": 15
			}
		],
		"ascend3": [
			{
				"name": "Mora",
				"count": 60000
			},
			{
				"name": "Vayuda Turquoise Fragment",
				"count": 6
			},
			{
				"name": "Hurricane Seed",
				"count": 4
			},
			{
				"name": "Windwheel Aster",
				"count": 20
			},
			{
				"name": "Shimmering Nectar",
				"count": 12
			}
		],
		"ascend4": [
			{
				"name": "Mora",
				"count": 80000
			},
			{
				"name": "Vayuda Turquoise Chunk",
				"count": 3
			},
			{
				"name": "Hurricane Seed",
				"count": 8
			},
			{
				"name": "Windwheel Aster",
				"count": 30
			},
			{
				"name": "Shimmering Nectar",
				"count": 18
			}
		],
		"ascend5": [
			{
				"name": "Mora",
				"count": 100000
			},
			{
				"name": "Vayuda Turquoise Chunk",
				"count": 6
			},
			{
				"name": "Hurricane Seed",
				"count": 12
			},
			{
				"name": "Windwheel Aster",
				"count": 45
			},
			{
				"name": "Energy Nectar",
				"count": 12
			}
		],
		"ascend6": [
			{
				"name": "Mora",
				"count": 120000
			},
			{
				"name": "Vayuda Turquoise Gemstone",
				"count": 6
			},
			{
				"name": "Hurricane Seed",
				"count": 20
			},
			{
				"name": "Windwheel Aster",
				"count": 60
			},
			{
				"name": "Energy Nectar",
				"count": 24
			}
		]
	}
}