{
	"name": "Tartaglia",
	"fullname": "Tartaglia",
	"title": "Childe",
	"description": "No. 11 of The Harbingers, also known as \"Childe.\" His name is highly feared on the battlefield.",
	"rarity": "5",
	"element": "Hydro",
	"weapontype": "Bow",
	"substat": "Hydro DMG Bonus",
	"gender": "Male",
	"body": "MALE",
	"association": "FATUI",
	"region": "Snezhnaya",
	"affiliation": "Fatui",
	"birthdaymmdd": "7/20",
	"birthday": "July 20",
	"constellation": "Monoceros Caeli",
	"cv": {
		"english": "Griffin Burns",
		"chinese": "鱼冻",
		"japanese": "木村良平",
		"korean": "Nam Do-hyeong"
	},
	"costs": {
		"ascend1": [
			{
				"name": "Mora",
				"count": 20000
			},
			{
				"name": "Varunada Lazurite Sliver",
				"count": 1
			},
			{
				"name": "Starconch",
				"count": 3
			},
			{
				"name": "Recruit's Insignia",
				"count": 3
			}
		],
		"ascend2": [
			{
				"name": "Mora",
				"count": 40000
			},
			{
				"name": "Varunada Lazurite Fragment",
				"count": 3
			},
			{
				"name": "Cleansing Heart",
				"count": 2
			},
			{
				"name": "Starconch",
				"count": 10
			},
			{
				"name": "Recruit's Insignia",
				"count": 15
			}
		],
		"ascend3": [
			{
				"name": "Mora",
				"count": 60000
			},
			{
				"name": "Varunada Lazurite Fragment",
				"count": 6
			},
			{
				"name": "Cleansing Heart",
				"count": 4
			},
			{
				"name": "Starconch",
				"count": 20
			},
			{
				"name": "Sergeant's Insignia",
				"count": 12
			}
		],
		"ascend4": [
			{
				"name": "Mora",
				"count": 80000
			},
			{
				"name": "Varunada Lazurite Chunk",
				"count": 3
			},
			{
				"name": "Cleansing Heart",
				"count": 8
			},
			{
				"name": "Starconch",
				"count": 30
			},
			{
				"name": "Sergeant's Insignia",
				"count": 18
			}
		],
		"ascend5": [
			{
				"name": "Mora",
				"count": 100000
			},
			{
				"name": "Varunada Lazurite Chunk",
				"count": 6
			},
			{
				"name": "Cleansing Heart",
				"count": 12
			},
			{
				"name": "Starconch",
				"count": 45
			},
			{
				"name": "Lieutenant's Insignia",
				"count": 12
			}
		],
		"ascend6": [
			{
				"name": "Mora",
				"count": 120000
			},
			{
				"name": "Varunada Lazurite Gemstone",
				"count": 6
			},
			{
				"name": "Cleansing Heart",
				"count": 20
			},
			{
				"name": "Starconch",
				"count": 60
			},
			{
				"name": "Lieutenant's Insignia",
				"count": 24
			}
		]
	}
}