{
	"name": "Thoma",
	"fullname": "Thoma",
	"title": "Protector From Afar",
	"description": "The Kamisato Clan's housekeeper. A well-known \"fixer\" in Inazuma.",
	"rarity": "4",
	"element": "Pyro",
	"weapontype": "Polearm",
	"substat": "ATK",
	"gender": "Male",
	"body": "MALE",
	"association": "INAZUMA",
	"region": "Inazuma",
	"affiliation": "Yashiro Commission",
	"birthdaymmdd": "1/9",
	"birthday": "January 9",
	"constellation": "Rubeum Scutum",
	"cv": {
		"english": "Christian Banas",
		"chinese": "张沛",
		"japanese": "森田成一",
		"korean": "Ryu Seung-kon"
	},
	"costs": {
		"ascend1": [
			{
				"name": "Mora",
				"count": 20000
			},
			{
				"name": "Agnidus Agate Sliver",
				"count": 1
			},
			{
				"name": "Fluorescent Fungus",
				"count": 3
			},
			{
				"name": "Treasure Hoarder Insignia",
				"count": 3
			}
		],
		"ascend2": [
			{
				"name": "Mora",
				"count": 40000
			},
			{
				"name": "Agnidus Agate Fragment",
				"count": 3
			},
			{
				"name": "Smoldering Pearl",
				"count": 2
			},
			{
				"name": "Fluorescent Fungus",
				"count": 10
			},
			{
				"name": "Treasure Hoarder Insignia",
				"count": 15
			}
		],
		"ascend3": [
			{
				"name": "Mora",
				"count": 60000
			},
			{
				"name": "Agnidus Agate Fragment",
				"count": 6
			},
			{
				"name": "Smoldering Pearl",
				"count": 4
			},
			{
				"name": "Fluorescent Fungus",
				"count": 20
			},
			{
				"name": "Silver Raven Insignia",
				"count": 12
			}
		],
		"ascend4": [
			{
				"name": "Mora",
				"count": 80000
			},
			{
				"name": "Agnidus Agate Chunk",
				"count": 3
			},
			{
				"name": "Smoldering Pearl",
				"count": 8
			},
			{
				"name": "Fluorescent Fungus",
				"count": 30
			},
			{
				"name": "Silver Raven Insignia",
				"count": 18
			}
		],
		"ascend5": [
			{
				"name": "Mora",
				"count": 100000
			},
			{
				"name": "Agnidus Agate Chunk",
				"count": 6
			},
			{
				"name": "Smoldering Pearl",
				"count": 12
			},
			{
				"name": "Fluorescent Fungus",
				"count": 45
			},
			{
				"name": "Golden Raven Insignia",
				"count": 12
			}
		],
		"ascend6": [
			{
				"name": "Mora",
				"count": 120000
			},
			{
				"name": "Agnidus Agate Gemstone",
				"count": 6
			},
			{
				"name": "Smoldering Pearl",
				"count": 20
			},
			{
				"name": "Fluorescent Fungus",
				"count": 60
			},
			{
				"name": "Golden Raven Insignia",
				"count": 24
			}
		]
	}
}