{
	"name": "Venti",
	"fullname": "Venti",
	"title": "Windborne Bard",
	"description": "One of the many bards of Mondstadt, who freely wanders the city's streets and alleys.",
	"rarity": "5",
	"element": "Anemo",
	"weapontype": "Bow",
	"substat": "Energy Recharge",
	"gender": "Male",
	"body": "BOY",
	"association": "MONDSTADT",
	"region": "Mondstadt",
	"affiliation": "Mondstadt",
	"birthdaymmdd": "6/16",
	"birthday": "June 16",
	"constellation": "Carmen Dei",
	"cv": {
		"english": "Erika Harlacher",
		"chinese": "喵酱",
		"japanese": "村瀬歩",
		"korean": "Jung Yoo-jung"
	},
	"costs": {
		"ascend1": [
			{
				"name": "Mora",
				"count": 20000
			},
			{
				"name": "Vayuda Turquoise Sliver",
				"count": 1
			},
			{
				"name": "Cecilia",
				"count": 3
			},
			{
				"name": "Slime Condensate",
				"count": 3
			}
		],
		"ascend2": [
			{
				"name": "Mora",
				"count": 40000
			},
			{
				"name": "Vayuda Turquoise Fragment",
				"count": 3
			},
			{
				"name": "Hurricane Seed",
				"count": 2
			},
			{
				"name": "Cecilia",
				"count": 10
			},
			{
				"name": "Slime Condensate",
				"count": 15
			}
		],
		"ascend3": [
			{
				"name": "Mora",
				"count": 60000
			},
			{
				"name": "Vayuda Turquoise Fragment",
				"count": 6
			},
			{
				"name": "Hurricane Seed",
				"count": 4
			},
			{
				"name": "Cecilia",
				"count": 20
			},
			{
				"name": "Slime Secretions",
				"count": 12
			}
		],
		"ascend4": [
			{
				"name": "Mora",
				"count": 80000
			},
			{
				"name": "Vayuda Turquoise Chunk",
				"count": 3
			},
			{
				"name": "Hurricane Seed",
				"count": 8
			},
			{
				"name": "Cecilia",
				"count": 30
			},
			{
				"name": "Slime Secretions",
				"count": 18
			}
		],
		"ascend5": [
			{
				"name": "Mora",
				"count": 100000
			},
			{
				"name": "Vayuda Turquoise Chunk",
				"count": 6
			},
			{
				"name": "Hurricane Seed",
				"count": 12
			},
			{
				"name": "Cecilia",
				"count": 45
			},
			{
				"name": "Slime Concentrate",
				"count": 12
			}
		],
		"ascend6": [
			{
				"name": "Mora",
				"count": 120000
			},
			{
				"name": "Vayuda Turquoise Gemstone",
				"count": 6
			},
			{
				"name": "Hurricane Seed",
				"count": 20
			},
			{
				"name": "Cecilia",
				"count": 60
			},
			{
				"name": "Slime Concentrate",
				"count": 24
			}
		]
	}
}