{
	"name": "Xiao",
	"fullname": "Xiao",
	"title": "Vigilant Yaksha",
	"description": "A yaksha adeptus who defends Liyue. Also heralded as the \"Conqueror of Demons\" and \"Vigilant Yaksha.\"",
	"rarity": "5",
	"element": "Anemo",
	"weapontype": "Polearm",
	"substat": "CRIT Rate",
	"gender": "Male",
	"body": "BOY",
	"association": "LIYUE",
	"region": "Liyue",
	"affiliation": "Liyue Adeptus",
	"birthdaymmdd": "4/17",
	"birthday": "April 17",
	"constellation": "Alatus Nemeseos",
	"cv": {
		"english": "Laila Berzins",
		"chinese": "kinsen",
		"japanese": "松岡禎丞",
		"korean": "Shim Kyu-hyeok"
	},
	"costs": {
		"ascend1": [
			{
				"name": "Mora",
				"count": 20000
			},
			{
				"name": "Vayuda Turquoise Sliver",
				"count": 1
			},
			{
				"name": "Qingxin",
				"count": 3
			},
			{
				"name": "Slime Condensate",
				"count": 3
			}
		],
		"ascend2": [
			{
				"name": "Mora",
				"count": 40000
			},
			{
				"name": "Vayuda Turquoise Fragment",
				"count": 3
			},
			{
				"name": "Juvenile Jade",
				"count": 2
			},
			{
				"name": "Qingxin",
				"count": 10
			},
			{
				"name": "Slime Condensate",
				"count": 15
			}
		],
		"ascend3": [
			{
				"name": "Mora",
				"count": 60000
			},
			{
				"name": "Vayuda Turquoise Fragment",
				"count": 6
			},
			{
				"name": "Juvenile Jade",
				"count": 4
			},
			{
				"name": "Qingxin",
				"count": 20
			},
			{
				"name": "Slime Secretions",
				"count": 12
			}
		],
		"ascend4": [
			{
				"name": "Mora",
				"count": 80000
			},
			{
				"name": "Vayuda Turquoise Chunk",
				"count": 3
			},
			{
				"name": "Juvenile Jade",
				"count": 8
			},
			{
				"name": "Qingxin",
				"count": 30
			},
			{
				"name": "Slime Secretions",
				"count": 18
			}
		],
		"ascend5": [
			{
				"name": "Mora",
				"count": 100000
			},
			{
				"name": "Vayuda Turquoise Chunk",
				"count": 6
			},
			{
				"name": "Juvenile Jade",
				"count": 12
			},
			{
				"name": "Qingxin",
				"count": 45
			},
			{
				"name": "Slime Concentrate",
				"count": 12
			}
		],
		"ascend6": [
			{
				"name": "Mora",
				"count": 120000
			},
			{
				"name": "Vayuda Turquoise Gemstone",
				"count": 6
			},
			{
				"name": "Juvenile Jade",
				"count": 20
			},
			{
				"name": "Qingxin",
				"count": 60
			},
			{
				"name": "Slime Concentrate",
				"count": 24
			}
		]
	}
}