{
	"name": "Xingqiu",
	"fullname": "Xingqiu",
	"title": "Juvenile Galant",
	"description": "A young man carrying a longsword who is frequently seen at book booths. He has a chivalrous heart and yearns for justice and fairness for all.",
	"rarity": "4",
	"element": "Hydro",
	"weapontype": "Sword",
	"substat": "ATK",
	"gender": "Male",
	"body": "BOY",
	"association": "LIYUE",
	"region": "Liyue",
	"affiliation": "Feiyun Commerce Guild",
	"birthdaymmdd": "10/9",
	"birthday": "October 9",
	"constellation": "Fabulae Textile",
	"cv": {
		"english": "Cristina Vee Valenzuela",
		"chinese": "唐雅菁",
		"japanese": "皆川純子",
		"korean": "Kwak Kyu-mi"
	},
	"costs": {
		"ascend1": [
			{
				"name": "Mora",
				"count": 20000
			},
			{
				"name": "Varunada Lazurite Sliver",
				"count": 1
			},
			{
				"name": "Silk Flower",
				"count": 3
			},
			{
				"name": "Damaged Mask",
				"count": 3
			}
		],
		"ascend2": [
			{
				"name": "Mora",
				"count": 40000
			},
			{
				"name": "Varunada Lazurite Fragment",
				"count": 3
			},
			{
				"name": "Cleansing Heart",
				"count": 2
			},
			{
				"name": "Silk Flower",
				"count": 10
			},
			{
				"name": "Damaged Mask",
				"count": 15
			}
		],
		"ascend3": [
			{
				"name": "Mora",
				"count": 60000
			},
			{
				"name": "Varunada Lazurite Fragment",
				"count": 6
			},
			{
				"name": "Cleansing Heart",
				"count": 4
			},
			{
				"name": "Silk Flower",
				"count": 20
			},
			{
				"name": "Stained Mask",
				"count": 12
			}
		],
		"ascend4": [
			{
				"name": "Mora",
				"count": 80000
			},
			{
				"name": "Varunada Lazurite Chunk",
				"count": 3
			},
			{
				"name": "Cleansing Heart",
				"count": 8
			},
			{
				"name": "Silk Flower",
				"count": 30
			},
			{
				"name": "Stained Mask",
				"count": 18
			}
		],
		"ascend5": [
			{
				"name": "Mora",
				"count": 100000
			},
			{
				"name": "Varunada Lazurite Chunk",
				"count": 6
			},
			{
				"name": "Cleansing Heart",
				"count": 12
			},
			{
				"name": "Silk Flower",
				"count": 45
			},
			{
				"name": "Ominous Mask",
				"count": 12
			}
		],
		"ascend6": [
			{
				"name": "Mora",
				"count": 120000
			},
			{
				"name": "Varunada Lazurite Gemstone",
				"count": 6
			},
			{
				"name": "Cleansing Heart",
				"count": 20
			},
			{
				"name": "Silk Flower",
				"count": 60
			},
			{
				"name": "Ominous Mask",
				"count": 24
			}
		]
	}
}