{
	"name": "Xinyan",
	"fullname": "Xinyan",
	"title": "Blazing Riff",
	"description": "Liyue's sole rock 'n' roll musician. She rebels against ossified prejudices using her music and passionate singing.",
	"rarity": "4",
	"element": "Pyro",
	"weapontype": "Claymore",
	"substat": "ATK",
	"gender": "Female",
	"body": "GIRL",
	"association": "LIYUE",
	"region": "Liyue",
	"affiliation": "Liyue Harbor",
	"birthdaymmdd": "10/16",
	"birthday": "October 16",
	"constellation": "Fila Ignium",
	"cv": {
		"english": "Laura Stahl",
		"chinese": "王雅欣",
		"japanese": "たかはし智秋",
		"korean": "Kim Chae-ha"
	},
	"costs": {
		"ascend1": [
			{
				"name": "Mora",
				"count": 20000
			},
			{
				"name": "Agnidus Agate Sliver",
				"count": 1
			},
			{
				"name": "Violetgrass",
				"count": 3
			},
			{
				"name": "Treasure Hoarder Insignia",
				"count": 3
			}
		],
		"ascend2": [
			{
				"name": "Mora",
				"count": 40000
			},
			{
				"name": "Agnidus Agate Fragment",
				"count": 3
			},
			{
				"name": "Everflame Seed",
				"count": 2
			},
			{
				"name": "Violetgrass",
				"count": 10
			},
			{
				"name": "Treasure Hoarder Insignia",
				"count": 15
			}
		],
		"ascend3": [
			{
				"name": "Mora",
				"count": 60000
			},
			{
				"name": "Agnidus Agate Fragment",
				"count": 6
			},
			{
				"name": "Everflame Seed",
				"count": 4
			},
			{
				"name": "Violetgrass",
				"count": 20
			},
			{
				"name": "Silver Raven Insignia",
				"count": 12
			}
		],
		"ascend4": [
			{
				"name": "Mora",
				"count": 80000
			},
			{
				"name": "Agnidus Agate Chunk",
				"count": 3
			},
			{
				"name": "Everflame Seed",
				"count": 8
			},
			{
				"name": "Violetgrass",
				"count": 30
			},
			{
				"name": "Silver Raven Insignia",
				"count": 18
			}
		],
		"ascend5": [
			{
				"name": "Mora",
				"count": 100000
			},
			{
				"name": "Agnidus Agate Chunk",
				"count": 6
			},
			{
				"name": "Everflame Seed",
				"count": 12
			},
			{
				"name": "Violetgrass",
				"count": 45
			},
			{
				"name": "Golden Raven Insignia",
				"count": 12
			}
		],
		"ascend6": [
			{
				"name": "Mora",
				"count": 120000
			},
			{
				"name": "Agnidus Agate Gemstone",
				"count": 6
			},
			{
				"name": "Everflame Seed",
				"count": 20
			},
			{
				"name": "Violetgrass",
				"count": 60
			},
			{
				"name": "Golden Raven Insignia",
				"count": 24
			}
		]
	}
}