{
	"name": "Yae Miko",
	"fullname": "Yae Miko",
	"title": "Astute Amusement",
	"description": "Lady Guuji of the Grand Narukami Shrine also serves as the editor-in-chief of Yae Publishing House. Unimaginable intelligence and cunning are hidden under her beautiful appearance.",
	"rarity": "5",
	"element": "Electro",
	"weapontype": "Catalyst",
	"substat": "CRIT Rate",
	"gender": "Female",
	"body": "LADY",
	"association": "INAZUMA",
	"region": "Inazuma",
	"affiliation": "Grand Narukami Shrine",
	"birthdaymmdd": "6/27",
	"birthday": "June 27",
	"constellation": "Divina Vulpes",
	"cv": {
		"english": "Ratana",
		"chinese": "杜冥鸦",
		"japanese": "佐倉綾音",
		"korean": "Moon Yoo-jung"
	},
	"costs": {
		"ascend1": [
			{
				"name": "Mora",
				"count": 20000
			},
			{
				"name": "Vajrada Amethyst Sliver",
				"count": 1
			},
			{
				"name": "Sea Ganoderma",
				"count": 3
			},
			{
				"name": "Old Handguard",
				"count": 3
			}
		],
		"ascend2": [
			{
				"name": "Mora",
				"count": 40000
			},
			{
				"name": "Vajrada Amethyst Fragment",
				"count": 3
			},
			{
				"name": "Dragonheir's False Fin",
				"count": 2
			},
			{
				"name": "Sea Ganoderma",
				"count": 10
			},
			{
				"name": "Old Handguard",
				"count": 15
			}
		],
		"ascend3": [
			{
				"name": "Mora",
				"count": 60000
			},
			{
				"name": "Vajrada Amethyst Fragment",
				"count": 6
			},
			{
				"name": "Dragonheir's False Fin",
				"count": 4
			},
			{
				"name": "Sea Ganoderma",
				"count": 20
			},
			{
				"name": "Kageuchi Handguard",
				"count": 12
			}
		],
		"ascend4": [
			{
				"name": "Mora",
				"count": 80000
			},
			{
				"name": "Vajrada Amethyst Chunk",
				"count": 3
			},
			{
				"name": "Dragonheir's False Fin",
				"count": 8
			},
			{
				"name": "Sea Ganoderma",
				"count": 30
			},
			{
				"name": "Kageuchi Handguard",
				"count": 18
			}
		],
		"ascend5": [
			{
				"name": "Mora",
				"count": 100000
			},
			{
				"name": "Vajrada Amethyst Chunk",
				"count": 6
			},
			{
				"name": "Dragonheir's False Fin",
				"count": 12
			},
			{
				"name": "Sea Ganoderma",
				"count": 45
			},
			{
				"name": "Famed Handguard",
				"count": 12
			}
		],
		"ascend6": [
			{
				"name": "Mora",
				"count": 120000
			},
			{
				"name": "Vajrada Amethyst Gemstone",
				"count": 6
			},
			{
				"name": "Dragonheir's False Fin",
				"count": 20
			},
			{
				"name": "Sea Ganoderma",
				"count": 60
			},
			{
				"name": "Famed Handguard",
				"count": 24
			}
		]
	}
}