{
	"name": "Yanfei",
	"fullname": "Yanfei",
	"title": "Wise Innocence",
	"description": "A well-known legal adviser active in Liyue Harbor. A brilliant young lady in whose veins runs the blood of an illuminated beast.",
	"rarity": "4",
	"element": "Pyro",
	"weapontype": "Catalyst",
	"substat": "Pyro DMG Bonus",
	"gender": "Female",
	"body": "GIRL",
	"association": "LIYUE",
	"region": "Liyue",
	"affiliation": "Liyue Harbor",
	"birthdaymmdd": "7/28",
	"birthday": "July 28",
	"constellation": "Bestia Iustitia",
	"cv": {
		"english": "Lizzie Freeman",
		"chinese": "苏子芜",
		"japanese": "花守ゆみり",
		"korean": "Jo Kyeong-lee"
	},
	"costs": {
		"ascend1": [
			{
				"name": "Mora",
				"count": 20000
			},
			{
				"name": "Agnidus Agate Sliver",
				"count": 1
			},
			{
				"name": "Noctilucous Jade",
				"count": 3
			},
			{
				"name": "Treasure Hoarder Insignia",
				"count": 3
			}
		],
		"ascend2": [
			{
				"name": "Mora",
				"count": 40000
			},
			{
				"name": "Agnidus Agate Fragment",
				"count": 3
			},
			{
				"name": "Juvenile Jade",
				"count": 2
			},
			{
				"name": "Noctilucous Jade",
				"count": 10
			},
			{
				"name": "Treasure Hoarder Insignia",
				"count": 15
			}
		],
		"ascend3": [
			{
				"name": "Mora",
				"count": 60000
			},
			{
				"name": "Agnidus Agate Fragment",
				"count": 6
			},
			{
				"name": "Juvenile Jade",
				"count": 4
			},
			{
				"name": "Noctilucous Jade",
				"count": 20
			},
			{
				"name": "Silver Raven Insignia",
				"count": 12
			}
		],
		"ascend4": [
			{
				"name": "Mora",
				"count": 80000
			},
			{
				"name": "Agnidus Agate Chunk",
				"count": 3
			},
			{
				"name": "Juvenile Jade",
				"count": 8
			},
			{
				"name": "Noctilucous Jade",
				"count": 30
			},
			{
				"name": "Silver Raven Insignia",
				"count": 18
			}
		],
		"ascend5": [
			{
				"name": "Mora",
				"count": 100000
			},
			{
				"name": "Agnidus Agate Chunk",
				"count": 6
			},
			{
				"name": "Juvenile Jade",
				"count": 12
			},
			{
				"name": "Noctilucous Jade",
				"count": 45
			},
			{
				"name": "Golden Raven Insignia",
				"count": 12
			}
		],
		"ascend6": [
			{
				"name": "Mora",
				"count": 120000
			},
			{
				"name": "Agnidus Agate Gemstone",
				"count": 6
			},
			{
				"name": "Juvenile Jade",
				"count": 20
			},
			{
				"name": "Noctilucous Jade",
				"count": 60
			},
			{
				"name": "Golden Raven Insignia",
				"count": 24
			}
		]
	}
}