{
	"name": "Yun Jin",
	"fullname": "Yun Jin",
	"title": "Stage Lucida",
	"description": "A renowned Liyue opera singer who is skilled in both playwriting and singing. Her style is one-of-a-kind, exquisite and delicate, much like the person herself.",
	"rarity": "4",
	"element": "Geo",
	"weapontype": "Polearm",
	"substat": "Energy Recharge",
	"gender": "Female",
	"body": "GIRL",
	"association": "LIYUE",
	"region": "Liyue",
	"affiliation": "Yun-Han Opera Troupe",
	"birthdaymmdd": "5/21",
	"birthday": "May 21",
	"constellation": "Opera Grandis",
	"cv": {
		"english": "Judy Alice Lee & Yang Yang",
		"chinese": "贺文潇&杨扬",
		"japanese": "小岩井ことり & Yang Yang",
		"korean": "Sah Moon-young & Yang Yang"
	},
	"costs": {
		"ascend1": [
			{
				"name": "Mora",
				"count": 20000
			},
			{
				"name": "Prithiva Topaz Sliver",
				"count": 1
			},
			{
				"name": "Glaze Lily",
				"count": 3
			},
			{
				"name": "Damaged Mask",
				"count": 3
			}
		],
		"ascend2": [
			{
				"name": "Mora",
				"count": 40000
			},
			{
				"name": "Prithiva Topaz Fragment",
				"count": 3
			},
			{
				"name": "Riftborn Regalia",
				"count": 2
			},
			{
				"name": "Glaze Lily",
				"count": 10
			},
			{
				"name": "Damaged Mask",
				"count": 15
			}
		],
		"ascend3": [
			{
				"name": "Mora",
				"count": 60000
			},
			{
				"name": "Prithiva Topaz Fragment",
				"count": 6
			},
			{
				"name": "Riftborn Regalia",
				"count": 4
			},
			{
				"name": "Glaze Lily",
				"count": 20
			},
			{
				"name": "Stained Mask",
				"count": 12
			}
		],
		"ascend4": [
			{
				"name": "Mora",
				"count": 80000
			},
			{
				"name": "Prithiva Topaz Chunk",
				"count": 3
			},
			{
				"name": "Riftborn Regalia",
				"count": 8
			},
			{
				"name": "Glaze Lily",
				"count": 30
			},
			{
				"name": "Stained Mask",
				"count": 18
			}
		],
		"ascend5": [
			{
				"name": "Mora",
				"count": 100000
			},
			{
				"name": "Prithiva Topaz Chunk",
				"count": 6
			},
			{
				"name": "Riftborn Regalia",
				"count": 12
			},
			{
				"name": "Glaze Lily",
				"count": 45
			},
			{
				"name": "Ominous Mask",
				"count": 12
			}
		],
		"ascend6": [
			{
				"name": "Mora",
				"count": 120000
			},
			{
				"name": "Prithiva Topaz Gemstone",
				"count": 6
			},
			{
				"name": "Riftborn Regalia",
				"count": 20
			},
			{
				"name": "Glaze Lily",
				"count": 60
			},
			{
				"name": "Ominous Mask",
				"count": 24
			}
		]
	}
}