{
	"name": "Zhongli",
	"fullname": "Zhongli",
	"title": "Vago Mundo",
	"description": "A mysterious expert contracted by the Wangsheng Funeral Parlor. Extremely knowledgeable in all things.",
	"rarity": "5",
	"element": "Geo",
	"weapontype": "Polearm",
	"substat": "Geo DMG Bonus",
	"gender": "Male",
	"body": "MALE",
	"association": "LIYUE",
	"region": "Liyue",
	"affiliation": "Liyue Harbor",
	"birthdaymmdd": "12/31",
	"birthday": "December 31",
	"constellation": "Lapis Dei",
	"cv": {
		"english": "Keith Silverstein",
		"chinese": "彭博",
		"japanese": "前野智昭",
		"korean": "Pyo Young-jae"
	},
	"costs": {
		"ascend1": [
			{
				"name": "Mora",
				"count": 20000
			},
			{
				"name": "Prithiva Topaz Sliver",
				"count": 1
			},
			{
				"name": "Cor Lapis",
				"count": 3
			},
			{
				"name": "Slime Condensate",
				"count": 3
			}
		],
		"ascend2": [
			{
				"name": "Mora",
				"count": 40000
			},
			{
				"name": "Prithiva Topaz Fragment",
				"count": 3
			},
			{
				"name": "Basalt Pillar",
				"count": 2
			},
			{
				"name": "Cor Lapis",
				"count": 10
			},
			{
				"name": "Slime Condensate",
				"count": 15
			}
		],
		"ascend3": [
			{
				"name": "Mora",
				"count": 60000
			},
			{
				"name": "Prithiva Topaz Fragment",
				"count": 6
			},
			{
				"name": "Basalt Pillar",
				"count": 4
			},
			{
				"name": "Cor Lapis",
				"count": 20
			},
			{
				"name": "Slime Secretions",
				"count": 12
			}
		],
		"ascend4": [
			{
				"name": "Mora",
				"count": 80000
			},
			{
				"name": "Prithiva Topaz Chunk",
				"count": 3
			},
			{
				"name": "Basalt Pillar",
				"count": 8
			},
			{
				"name": "Cor Lapis",
				"count": 30
			},
			{
				"name": "Slime Secretions",
				"count": 18
			}
		],
		"ascend5": [
			{
				"name": "Mora",
				"count": 100000
			},
			{
				"name": "Prithiva Topaz Chunk",
				"count": 6
			},
			{
				"name": "Basalt Pillar",
				"count": 12
			},
			{
				"name": "Cor Lapis",
				"count": 45
			},
			{
				"name": "Slime Concentrate",
				"count": 12
			}
		],
		"ascend6": [
			{
				"name": "Mora",
				"count": 120000
			},
			{
				"name": "Prithiva Topaz Gemstone",
				"count": 6
			},
			{
				"name": "Basalt Pillar",
				"count": 20
			},
			{
				"name": "Cor Lapis",
				"count": 60
			},
			{
				"name": "Slime Concentrate",
				"count": 24
			}
		]
	}
}